"id","customer_name","customer_desc","status","del_flag","remark","create_id","create_name","create_time","update_id","update_name","update_time"
"13","测试客户","","1","0","","1","管理员","18/6/2020 13:11:26","1","管理员","18/6/2020 13:11:26"
"14","南京熊猫电子制造有限公司","南京熊猫电子制造有限公司","1","0","","-1","","1/1/1000 00:00:00","-1","","1/1/1000 00:00:00"
"15","南京熊猫电子制造有限公司-制造中心","南京熊猫电子制造有限公司-制造中心","1","0","","-1","","1/1/1000 00:00:00","-1","","1/1/1000 00:00:00"
"16","瀚乐电子机械（南京）有限公司","瀚乐电子机械（南京）有限公司","1","0","","-1","","1/1/1000 00:00:00","-1","","1/1/1000 00:00:00"
"17","泰克曼（南京）电子有限公司","泰克曼（南京）电子有限公司","1","0","","-1","","1/1/1000 00:00:00","-1","","1/1/1000 00:00:00"
"18","南京康尼新能源汽车零部件有限公司","南京康尼新能源汽车零部件有限公司","1","0","","-1","","1/1/1000 00:00:00","-1","","1/1/1000 00:00:00"
"19","南京夏普电子有限公司","南京夏普电子有限公司","1","0","","-1","","1/1/1000 00:00:00","-1","","1/1/1000 00:00:00"
"20","码捷（苏州）科技有限公司","码捷（苏州）科技有限公司","1","0","","-1","","1/1/1000 00:00:00","-1","","1/1/1000 00:00:00"
"21","慈溪市川佳实业公司","慈溪市川佳实业公司","1","0","","-1","","1/1/1000 00:00:00","-1","","1/1/1000 00:00:00"
"22","佛山市恒达模塑科技有限公司","佛山市恒达模塑科技有限公司","1","0","","-1","","1/1/1000 00:00:00","-1","","1/1/1000 00:00:00"
"23","昆山致美旭金属制品有限公司","昆山致美旭金属制品有限公司","1","0","","-1","","1/1/1000 00:00:00","-1","","1/1/1000 00:00:00"
"24","南京华顺精密模具有限公司","南京华顺精密模具有限公司","1","0","","-1","","1/1/1000 00:00:00","-1","","1/1/1000 00:00:00"
"25","苏州市杰作钣金有限公司","苏州市杰作钣金有限公司","1","0","","-1","","1/1/1000 00:00:00","-1","","1/1/1000 00:00:00"
"26","苏州市天烨机械工程有限公司","苏州市天烨机械工程有限公司","1","0","","-1","","1/1/1000 00:00:00","-1","","1/1/1000 00:00:00"
"27","安弗施无线射频系统（苏州）有限公司","安弗施无线射频系统（苏州）有限公司","1","0","","-1","","1/1/1000 00:00:00","-1","","1/1/1000 00:00:00"
"28","加利电子（无锡）有限公司","加利电子（无锡）有限公司","1","0","","-1","","1/1/1000 00:00:00","-1","","1/1/1000 00:00:00"
"29","苏州工业园区通利玻璃钢制品有限公司","苏州工业园区通利玻璃钢制品有限公司","1","0","","-1","","1/1/1000 00:00:00","-1","","1/1/1000 00:00:00"
"30","苏州东山精密制造股份有限公司","苏州东山精密制造股份有限公司","1","0","","-1","","1/1/1000 00:00:00","-1","","1/1/1000 00:00:00"
"31","康普通讯技术（中国）有限公司","康普通讯技术（中国）有限公司","1","0","","-1","","1/1/1000 00:00:00","-1","","1/1/1000 00:00:00"
"32","常州安泰诺特种印制板有限公司","常州安泰诺特种印制板有限公司","1","0","","-1","","1/1/1000 00:00:00","-1","","1/1/1000 00:00:00"
"33","苏州工业园区艺达精密机械有限公司","苏州工业园区艺达精密机械有限公司","1","0","","-1","","1/1/1000 00:00:00","-1","","1/1/1000 00:00:00"
"34","保捷手袋(苏州)有限公司","保捷手袋(苏州)有限公司","1","0","","-1","","1/1/1000 00:00:00","-1","","1/1/1000 00:00:00"
"35","罗森伯格技术有限公司","罗森伯格技术有限公司","1","0","","-1","","1/1/1000 00:00:00","-1","","1/1/1000 00:00:00"
"36","深圳楼兰辉煌科技有限公司","深圳楼兰辉煌科技有限公司","1","0","","-1","","1/1/1000 00:00:00","-1","","1/1/1000 00:00:00"
"37","吉安鸿呈电子有限公司","吉安鸿呈电子有限公司","1","0","","-1","","1/1/1000 00:00:00","-1","","1/1/1000 00:00:00"
"38","上海正泰电源系统有限公司","上海正泰电源系统有限公司","1","0","","-1","","1/1/1000 00:00:00","-1","","1/1/1000 00:00:00"
"39","苏州工业园区新富事达塑胶型材制品有限公司","苏州工业园区新富事达塑胶型材制品有限公司","1","0","","-1","","1/1/1000 00:00:00","-1","","1/1/1000 00:00:00"
"40","康普电子（无锡）有限公司","康普电子（无锡）有限公司","1","0","","-1","","1/1/1000 00:00:00","-1","","1/1/1000 00:00:00"
"41","佛山市广浩科技有限公司","佛山市广浩科技有限公司","1","0","","-1","","1/1/1000 00:00:00","-1","","1/1/1000 00:00:00"
"42","苏州易德龙科技股份有限公司","苏州易德龙科技股份有限公司","1","0","","-1","","1/1/1000 00:00:00","-1","","1/1/1000 00:00:00"
"43","深圳市拓普联科技术股份有限公司","深圳市拓普联科技术股份有限公司","1","0","","-1","","1/1/1000 00:00:00","-1","","1/1/1000 00:00:00"
"44","无锡市东特机械科技有限公司","无锡市东特机械科技有限公司","1","0","","-1","","1/1/1000 00:00:00","-1","","1/1/1000 00:00:00"
"45","常州金信诺凤市通信设备有限公司","常州金信诺凤市通信设备有限公司","1","0","","-1","","1/1/1000 00:00:00","-1","","1/1/1000 00:00:00"
"46","广州杰赛科技股份有限公司","广州杰赛科技股份有限公司","1","0","","-1","","1/1/1000 00:00:00","-1","","1/1/1000 00:00:00"
"47","江苏中色锐毕利实业有限公司","江苏中色锐毕利实业有限公司","1","0","","-1","","1/1/1000 00:00:00","-1","","1/1/1000 00:00:00"
"48","昆山市子龙塑业有限公司","昆山市子龙塑业有限公司","1","0","","-1","","1/1/1000 00:00:00","-1","","1/1/1000 00:00:00"
"49","康普卡托巴","康普卡托巴","1","0","","-1","","1/1/1000 00:00:00","-1","","1/1/1000 00:00:00"
"50","康普捷克","康普捷克","1","0","","-1","","1/1/1000 00:00:00","-1","","1/1/1000 00:00:00"
"51","霍尼韦尔扫描与移动技术部","霍尼韦尔扫描与移动技术部","1","0","","-1","","1/1/1000 00:00:00","-1","","1/1/1000 00:00:00"
"52","全球局域网技术有限公司","全球局域网技术有限公司","1","0","","-1","","1/1/1000 00:00:00","-1","","1/1/1000 00:00:00"
"53","博西华电器（江苏）有限公司","博西华电器（江苏）有限公司","1","0","","-1","","1/1/1000 00:00:00","-1","","1/1/1000 00:00:00"
"54","博西华家用电器有限公司","博西华家用电器有限公司","1","0","","-1","","1/1/1000 00:00:00","-1","","1/1/1000 00:00:00"
"55","滁州市博康模具塑料有限公司","滁州市博康模具塑料有限公司","1","0","","-1","","1/1/1000 00:00:00","-1","","1/1/1000 00:00:00"
"56","苏州路之遥科技股份有限公司","苏州路之遥科技股份有限公司","1","0","","-1","","1/1/1000 00:00:00","-1","","1/1/1000 00:00:00"
"57","凯保乐电子（徐州）有限公司","凯保乐电子（徐州）有限公司","1","0","","-1","","1/1/1000 00:00:00","-1","","1/1/1000 00:00:00"
"58","BSH Sprzęt Gospodarstwa Domowego","BSH Sprzęt Gospodarstwa Domowego Sp.","1","0","","-1","","1/1/1000 00:00:00","-1","","1/1/1000 00:00:00"
"59","emz-Hanauer GmbH & Co. KGaA","emz-Hanauer GmbH & Co. KGaA","1","0","","-1","","1/1/1000 00:00:00","-1","","1/1/1000 00:00:00"
"60","江苏朗鸿机电有限公司","江苏朗鸿机电有限公司","1","0","","-1","","1/1/1000 00:00:00","-1","","1/1/1000 00:00:00"
"61","养志电子（南京）有限公司","养志电子（南京）有限公司","1","0","","-1","","1/1/1000 00:00:00","-1","","1/1/1000 00:00:00"
"62","南京嘉展精密电子有限公司","南京嘉展精密电子有限公司","1","0","","-1","","1/1/1000 00:00:00","-1","","1/1/1000 00:00:00"
"63","BSH Hausgeräte GmbH","BSH Hausgeräte GmbH","1","0","","-1","","1/1/1000 00:00:00","-1","","1/1/1000 00:00:00"
"64","上海安费诺永亿通讯电子有限公司","上海安费诺永亿通讯电子有限公司","1","0","","-1","","1/1/1000 00:00:00","-1","","1/1/1000 00:00:00"
"65","Hexatronic C&I Systems AB","Hexatronic C&I Systems AB","1","0","","-1","","1/1/1000 00:00:00","-1","","1/1/1000 00:00:00"
"66","常熟市泓博通讯技术股份有限公司","常熟市泓博通讯技术股份有限公司","1","0","","-1","","1/1/1000 00:00:00","-1","","1/1/1000 00:00:00"
"67","南京奥联汽车电子电器股份有限公司","南京奥联汽车电子电器股份有限公司","1","0","","-1","","1/1/1000 00:00:00","-1","","1/1/1000 00:00:00"
"68","杭州铭赫科技有限公司","杭州铭赫科技有限公司","1","0","","-1","","1/1/1000 00:00:00","-1","","1/1/1000 00:00:00"
"69","曲靖中铭科技有限公司","曲靖中铭科技有限公司","1","0","","-1","","1/1/1000 00:00:00","-1","","1/1/1000 00:00:00"
"70","南京塔塔汽车零部件系统有限公司","南京塔塔汽车零部件系统有限公司","1","0","","-1","","1/1/1000 00:00:00","-1","","1/1/1000 00:00:00"
"71","苏世博（南京）减振系统有限公司","苏世博（南京）减振系统有限公司","1","0","","-1","","1/1/1000 00:00:00","-1","","1/1/1000 00:00:00"
"72","上海紫耀科技发展有限公司","上海紫耀科技发展有限公司","1","0","","-1","","1/1/1000 00:00:00","-1","","1/1/1000 00:00:00"
"73","杭州安费诺飞凤通信部品有限公司","杭州安费诺飞凤通信部品有限公司","1","0","","-1","","1/1/1000 00:00:00","-1","","1/1/1000 00:00:00"
"74","南京物联传感技术有限公司","南京物联传感技术有限公司","1","0","","-1","","1/1/1000 00:00:00","-1","","1/1/1000 00:00:00"
"75","南京鸿富夏精密电子有限公司","南京鸿富夏精密电子有限公司","1","0","","-1","","1/1/1000 00:00:00","-1","","1/1/1000 00:00:00"
"76","富泰华工业（深圳）有限公司","富泰华工业（深圳）有限公司","1","0","","-1","","1/1/1000 00:00:00","-1","","1/1/1000 00:00:00"
"77","昆山乙盛机械工业有限公司","昆山乙盛机械工业有限公司","1","0","","-1","","1/1/1000 00:00:00","-1","","1/1/1000 00:00:00"
"78","鸿富泰精密电子（烟台）有限公司","鸿富泰精密电子（烟台）有限公司","1","0","","-1","","1/1/1000 00:00:00","-1","","1/1/1000 00:00:00"
"79","佛山群志光电有限公司","佛山群志光电有限公司","1","0","","-1","","1/1/1000 00:00:00","-1","","1/1/1000 00:00:00"
"80","河南中富康数显有限公司","河南中富康数显有限公司","1","0","","-1","","1/1/1000 00:00:00","-1","","1/1/1000 00:00:00"
"81","上海吉博力房屋卫生设备工程技术有限公司","上海吉博力房屋卫生设备工程技术有限公司","1","0","","-1","","1/1/1000 00:00:00","-1","","1/1/1000 00:00:00"
"82","合肥合纵光电科技股份有限公司","合肥合纵光电科技股份有限公司","1","0","","-1","","1/1/1000 00:00:00","-1","","1/1/1000 00:00:00"
"83","兴和（上海）贸易有限公司","兴和（上海）贸易有限公司","1","0","","-1","","1/1/1000 00:00:00","-1","","1/1/1000 00:00:00"
"84","上海黑田贸易有限公司","上海黑田贸易有限公司","1","0","","-1","","1/1/1000 00:00:00","-1","","1/1/1000 00:00:00"
"85","南京飞腾电子科技有限公司","南京飞腾电子科技有限公司","1","0","","-1","","1/1/1000 00:00:00","-1","","1/1/1000 00:00:00"
"86","南京欧伟雅电子科技有限公司","南京欧伟雅电子科技有限公司","1","0","","-1","","1/1/1000 00:00:00","-1","","1/1/1000 00:00:00"
"87","菲尼克斯（南京）新能源汽车技术有限公司","菲尼克斯（南京）新能源汽车技术有限公司","1","0","","-1","","1/1/1000 00:00:00","-1","","1/1/1000 00:00:00"
"88","宜兴市恒源复合材料科技有限公司","宜兴市恒源复合材料科技有限公司","1","0","","-1","","1/1/1000 00:00:00","-1","","1/1/1000 00:00:00"
"89","大连润德兴业科技有限公司","大连润德兴业科技有限公司","1","0","","-1","","1/1/1000 00:00:00","-1","","1/1/1000 00:00:00"
"90","广州杰赛电子有限公司","广州杰赛电子有限公司","1","0","","-1","","1/1/1000 00:00:00","-1","","1/1/1000 00:00:00"
"91","苏州特斯特复合材料有限公司","苏州特斯特复合材料有限公司","1","0","","-1","","1/1/1000 00:00:00","-1","","1/1/1000 00:00:00"
"92","昆山德拓祥电子科技有限公司","昆山德拓祥电子科技有限公司","1","0","","-1","","1/1/1000 00:00:00","-1","","1/1/1000 00:00:00"
"93","南京乐金汽车零部件有限公司","南京乐金汽车零部件有限公司","1","0","","-1","","1/1/1000 00:00:00","-1","","1/1/1000 00:00:00"
"94","苏州新纶超净技术有限公司","苏州新纶超净技术有限公司","1","0","","-1","","1/1/1000 00:00:00","-1","","1/1/1000 00:00:00"
"95","康普通联通信（苏州）有限公司","康普通联通信（苏州）有限公司","1","0","","-1","","1/1/1000 00:00:00","-1","","1/1/1000 00:00:00"
"96","安徽省宁国市天成电气有限公司","安徽省宁国市天成电气有限公司","1","0","","-1","","1/1/1000 00:00:00","-1","","1/1/1000 00:00:00"
"97","无锡飞翎电子有限公司","无锡飞翎电子有限公司","1","0","","-1","","1/1/1000 00:00:00","-1","","1/1/1000 00:00:00"
"98","盛威尔（惠州）电缆科技有限公司","盛威尔（惠州）电缆科技有限公司","1","0","","-1","","1/1/1000 00:00:00","-1","","1/1/1000 00:00:00"
"99","武汉中元通信股份有限公司","武汉中元通信股份有限公司","1","0","","-1","","1/1/1000 00:00:00","-1","","1/1/1000 00:00:00"
"100","江苏迪飞达电子有限公司","江苏迪飞达电子有限公司","1","0","","-1","","1/1/1000 00:00:00","-1","","1/1/1000 00:00:00"
"101","苏州世豪安全用品有限公司","苏州世豪安全用品有限公司","1","0","","-1","","1/1/1000 00:00:00","-1","","1/1/1000 00:00:00"
"102","南京乐金储能技术有限公司","南京乐金储能技术有限公司","1","0","","-1","","1/1/1000 00:00:00","-1","","1/1/1000 00:00:00"
"103","无锡小天鹅电器有限公司","无锡小天鹅电器有限公司","1","0","","-1","","1/1/1000 00:00:00","-1","","1/1/1000 00:00:00"
"104","瑞声光电科技（常州）有限公司","瑞声光电科技（常州）有限公司","1","0","","-1","","1/1/1000 00:00:00","-1","","1/1/1000 00:00:00"
"105","沭阳瑞泰科技有限公司","沭阳瑞泰科技有限公司","1","0","","-1","","1/1/1000 00:00:00","-1","","1/1/1000 00:00:00"
"106","安徽毅昌科技有限公司","安徽毅昌科技有限公司","1","0","","-1","","1/1/1000 00:00:00","-1","","1/1/1000 00:00:00"
"107","上海绿联软件股份有限公司","上海绿联软件股份有限公司","1","0","","-1","","1/1/1000 00:00:00","-1","","1/1/1000 00:00:00"
"108","苏州市晋元紧固件有限公司","苏州市晋元紧固件有限公司","1","0","","-1","","1/1/1000 00:00:00","-1","","1/1/1000 00:00:00"
"109","安弗施巴西电信有限公司","安弗施巴西电信有限公司","1","0","","-1","","1/1/1000 00:00:00","-1","","1/1/1000 00:00:00"
"110","代傲电子控制(南京)有限公司","代傲电子控制(南京)有限公司","1","0","","-1","","1/1/1000 00:00:00","-1","","1/1/1000 00:00:00"
"111","瑞声科技（沭阳）有限公司","瑞声科技（沭阳）有限公司","1","0","","-1","","1/1/1000 00:00:00","-1","","1/1/1000 00:00:00"
"112","昆山立讯射频科技有限公司","昆山立讯射频科技有限公司","1","0","","-1","","1/1/1000 00:00:00","-1","","1/1/1000 00:00:00"
"113","无锡小天鹅通用电器有限公司","无锡小天鹅通用电器有限公司","1","0","","-1","","1/1/1000 00:00:00","-1","","1/1/1000 00:00:00"
"114","上海鸿洛通信电子有限公司","上海鸿洛通信电子有限公司","1","0","","-1","","1/1/1000 00:00:00","-1","","1/1/1000 00:00:00"
"115","南京尤欧电子有限公司","南京尤欧电子有限公司","1","0","","-1","","1/1/1000 00:00:00","-1","","1/1/1000 00:00:00"
"116","苏州恒辉科技有限公司","苏州恒辉科技有限公司","1","0","","-1","","1/1/1000 00:00:00","-1","","1/1/1000 00:00:00"
"117","LG ELECTRONICS INC","LG ELECTRONICS INC","1","0","","-1","","1/1/1000 00:00:00","-1","","1/1/1000 00:00:00"
"118","昆山瀚德通信科技有限公司","昆山瀚德通信科技有限公司","1","0","","-1","","1/1/1000 00:00:00","-1","","1/1/1000 00:00:00"
"119","深圳市鑫龙通信技术有限公司","深圳市鑫龙通信技术有限公司","1","0","","-1","","1/1/1000 00:00:00","-1","","1/1/1000 00:00:00"
"120","深圳市兆威机电股份有限公司","深圳市兆威机电股份有限公司","1","0","","-1","","1/1/1000 00:00:00","-1","","1/1/1000 00:00:00"
"121","常州市美特精密电机有限公司","常州市美特精密电机有限公司","1","0","","-1","","1/1/1000 00:00:00","-1","","1/1/1000 00:00:00"
"122","万奇特互连电子（上海）有限公司","万奇特互连电子（上海）有限公司","1","0","","-1","","1/1/1000 00:00:00","-1","","1/1/1000 00:00:00"
"123","江苏协和电子股份有限公司","江苏协和电子股份有限公司","1","0","","-1","","1/1/1000 00:00:00","-1","","1/1/1000 00:00:00"
"124","苏州迪飞达科技股份有限公司","苏州迪飞达科技股份有限公司","1","0","","-1","","1/1/1000 00:00:00","-1","","1/1/1000 00:00:00"
"125","惠而浦（中国）股份有限公司","惠而浦（中国）股份有限公司","1","0","","-1","","1/1/1000 00:00:00","-1","","1/1/1000 00:00:00"
"126","万信达（广州）科技制品有限公司","万信达（广州）科技制品有限公司","1","0","","-1","","1/1/1000 00:00:00","-1","","1/1/1000 00:00:00"
"127","深圳市众恒世讯科技股份有限公司","深圳市众恒世讯科技股份有限公司","1","0","","-1","","1/1/1000 00:00:00","-1","","1/1/1000 00:00:00"
"128","南京澳博阳射频技术有限公司","南京澳博阳射频技术有限公司","1","0","","-1","","1/1/1000 00:00:00","-1","","1/1/1000 00:00:00"
"129","泰兴开广塑胶有限公司","泰兴开广塑胶有限公司","1","0","","-1","","1/1/1000 00:00:00","-1","","1/1/1000 00:00:00"
"130","午星精密科技（滁州）有限公司","午星精密科技（滁州）有限公司","1","0","","-1","","1/1/1000 00:00:00","-1","","1/1/1000 00:00:00"
"131","南京上美冠丰塑胶有限公司","南京上美冠丰塑胶有限公司","1","0","","-1","","1/1/1000 00:00:00","-1","","1/1/1000 00:00:00"
"132","南京熊猫机电仪技术有限公司","南京熊猫机电仪技术有限公司
","1","0","","1","管理员","10/3/2021 13:12:21","1","管理员","10/3/2021 13:12:21"
"133","宜兴市三鑫电子有限公司","宜兴市三鑫电子有限公司
","1","0","","1","管理员","10/3/2021 13:12:39","1","管理员","10/3/2021 13:12:39"
"134","爱立信（中国）通信有限公司","爱立信（中国）通信有限公司
","1","0","","1","管理员","10/3/2021 13:12:52","1","管理员","10/3/2021 13:12:52"
"135","中车南京浦镇车辆有限公司","中车南京浦镇车辆有限公司
","1","0","","1","管理员","10/3/2021 13:13:02","1","管理员","10/3/2021 13:13:02"
"136","南京悦控智能科技有限公司","南京悦控智能科技有限公司
","1","0","","1","管理员","10/3/2021 13:13:14","1","管理员","10/3/2021 13:13:14"
"137","夏普办公设备（常熟）有限公司","夏普办公设备（常熟）有限公司
","1","0","","1","管理员","10/3/2021 13:13:23","1","管理员","10/3/2021 13:13:23"
"138","南京熊猫汉达科技有限公司","南京熊猫汉达科技有限公司
","1","0","","1","管理员","10/3/2021 13:13:34","1","管理员","10/3/2021 13:13:34"
"139","南京熊猫通信科技有限公司","南京熊猫通信科技有限公司
","1","0","","1","管理员","10/3/2021 13:13:43","1","管理员","10/3/2021 13:14:15"
"140","2OPTOP CO,LCD（嵩创实业有限公司）","2OPTOP CO,LCD（嵩创实业有限公司）
","1","0","","1","管理员","10/3/2021 13:14:40","1","管理员","10/3/2021 13:14:40"
"141","国电南瑞科技股份有限公司","国电南瑞科技股份有限公司
","1","0","","1","管理员","10/3/2021 13:14:49","1","管理员","10/3/2021 13:14:49"
"142","常州康帕特复合材料科技有限公司","常州康帕特复合材料科技有限公司
","1","0","","1","管理员","10/3/2021 13:14:59","1","管理员","10/3/2021 13:14:59"
"143","富士康精密电子（烟台）有限公司","富士康精密电子（烟台）有限公司
","1","0","","1","管理员","10/3/2021 13:15:09","1","管理员","10/3/2021 13:15:09"
"144","深圳创维数字技术有限公司","深圳创维数字技术有限公司
","1","0","","1","管理员","10/3/2021 13:15:19","1","管理员","10/3/2021 13:15:19"
"145","九号科技有限公司","九号科技有限公司
","1","0","","1","管理员","10/3/2021 13:15:52","1","管理员","10/3/2021 13:15:52"
"146","艾迪康","艾迪康
","1","0","","1","管理员","10/3/2021 13:22:46","1","管理员","10/3/2021 13:22:46"
"147","奥捷","奥捷","1","0","","1","管理员","10/3/2021 13:23:33","1","管理员","10/3/2021 13:23:33"
"148","澳科思","澳科思","1","0","","1","管理员","10/3/2021 13:24:20","1","管理员","10/3/2021 13:24:20"
"149","常州精研","常州精研","1","0","","1","管理员","10/3/2021 13:24:54","1","管理员","10/3/2021 13:24:54"
"150","法雷奥","法雷奥","1","0","","1","管理员","10/3/2021 13:25:26","1","管理员","10/3/2021 13:25:26"
"151","华为","华为
","1","0","","1","管理员","10/3/2021 13:26:35","1","管理员","10/3/2021 13:26:35"
"152","华格自制","华格自制","1","0","","1","管理员","10/3/2021 13:26:51","1","管理员","10/3/2021 13:26:51"
"153","联慧","联慧","1","0","","1","管理员","10/3/2021 13:27:17","1","管理员","10/3/2021 13:27:17"
"154","普尔斯","普尔斯
","1","0","","1","管理员","10/3/2021 13:27:32","1","管理员","10/3/2021 13:27:32"
"155","上海力湾","上海力湾
","1","0","","1","管理员","10/3/2021 13:27:52","1","管理员","10/3/2021 13:27:52"
"156","维斯塔斯","维斯塔斯
","1","0","","1","管理员","10/3/2021 13:29:22","1","管理员","10/3/2021 13:29:22"
"157","展讯","展讯
","1","0","","1","管理员","10/3/2021 13:29:42","1","管理员","10/3/2021 13:29:42"
"158","北方通信智能科技（南京）有限公司","北方通信智能科技（南京）有限公司","1","0","","1","管理员","25/8/2021 08:45:34","1","管理员","25/8/2021 08:45:34"
"159","南京南条全兴汽车内饰系统有限公司","南京南条全兴汽车内饰系统有限公司","1","0","","1","管理员","26/9/2021 10:32:39","1","管理员","26/9/2021 10:32:39"
"160","南京华信藤仓光通讯有限公司","南京华信藤仓光通讯有限公司","1","0","","1","管理员","9/1/2023 09:13:42","1","管理员","9/1/2023 09:13:42"
"161","江苏仕航电气有限公司 ","江苏仕航电气有限公司 ","1","0","","1","管理员","10/1/2023 15:19:20","1","管理员","10/1/2023 15:19:20"
"162","宁波海德欣汽车电器有限公司","海德欣","1","0","","1","管理员","24/11/2023 16:01:43","1","管理员","24/11/2023 16:01:43"
"163","仪征浦泰汽配有限公司","浦泰","1","0","","1","管理员","24/11/2023 16:03:05","1","管理员","24/11/2023 16:03:05"
"164","苏州硕贝德通讯技术有限公司 ","","1","0","","1","管理员","11/12/2023 16:49:56","1","管理员","11/12/2023 16:49:56"
"165","南京泰宇材料科技有限公司","","1","0","","1","管理员","4/1/2024 14:44:32","1","管理员","4/1/2024 14:44:32"
"166","南京熊猫电子股份有限公司 ","","1","0","","1","管理员","20/2/2024 11:00:03","1","管理员","20/2/2024 11:00:03"
"167","江苏二郎神塑业有限公司","","1","0","","1","管理员","15/3/2024 15:38:39","1","管理员","15/3/2024 15:38:39"
"168","盐城恒鸣电气科技有限公司","盐城恒鸣电气科技有限公司","1","0","","1","管理员","11/6/2024 08:56:21","1","管理员","11/6/2024 08:56:21"
"169","南京嘉隆汽车部件有限公司","南京嘉隆汽车部件有限公司","1","0","","1","管理员","11/10/2024 14:56:04","1","管理员","11/10/2024 14:56:04"
"170","山东永基建安工程有限公司","山东永基建安工程有限公司","1","0","","1","管理员","11/10/2024 15:00:23","1","管理员","11/10/2024 15:00:23"
"171","嘉兴德鑫电子科技有限公司 ","嘉兴德鑫电子科技有限公司 
","1","0","","1","管理员","8/11/2024 10:47:07","1","管理员","8/11/2024 10:47:07"
"172","上海肇观电子科技有限公司 ","上海肇观电子科技有限公司 
","1","0","","1","管理员","22/1/2025 10:32:32","1","管理员","22/1/2025 10:32:32"
"173","合肥吉坤电子科技有限公司 ","合肥吉坤电子科技有限公司 
","1","0","","1","管理员","23/1/2025 09:02:53","1","管理员","23/1/2025 09:02:53"
