flowLength,duration,accessFreq,risk_level
299,0,3200,低风险
944,27,2720,低风险
200,0,402,低风险
45,0,45,低风险
217,0,35040,低风险
7196,0,0,低风险
44,0,115,低风险
200,0,2596,低风险
258,0,406,低风险
4018,0,324,低风险
44,0,128,低风险
976,0,339,低风险
283,0,18037,低风险
241,0,1429,低风险
64,0,0,低风险
267,0,666,低风险
189,0,18004,低风险
183,0,0,低风险
197,0,2276,低风险
204,0,952,低风险
234,0,710,低风险
105,1,146,低风险
217,0,6763,低风险
204,0,254,低风险
320,0,520,低风险
44,0,44,低风险
40,0,40,低风险
456980,0,0,低风险
250,0,1800,低风险
45,0,111,低风险
105,0,146,低风险
48,0,48,低风险
0,0,0,低风险
12,0,0,低风险
301,0,1565,低风险
31,0,0,低风险
44,0,133,低风险
376,0,642,低风险
301,0,960,低风险
253,0,269,低风险
211,0,1209,低风险
1375,0,332,低风险
45,0,82,低风险
145,3447,105,低风险
43,0,128,低风险
285,0,9998,低风险
1460,32,4152,低风险
0,0,0,低风险
220,0,619,低风险
200,0,2596,低风险
218,0,983,低风险
223,0,436,低风险
46,28,46,低风险
318,0,1342,低风险
26,0,0,低风险
340,0,283,低风险
313,0,297,低风险
222,252,238,低风险
12165,0,0,低风险
0,0,20256,低风险
345,0,884,低风险
246,0,692,低风险
325,0,403,低风险
288,0,12040,低风险
227,0,654,低风险
203,0,1792,低风险
1010,0,0,低风险
288,0,293,低风险
43,0,43,低风险
0,0,0,低风险
229,0,1397,低风险
299,0,2698,低风险
1505,31,4152,低风险
0,0,0,低风险
211,0,2530,低风险
0,0,0,低风险
254,0,1628,低风险
244,0,2295,低风险
464,0,10134,低风险
240,0,31639,低风险
105,0,146,低风险
1874,0,0,低风险
42,0,42,低风险
8,0,147,低风险
221,0,2174,低风险
37,0,0,低风险
567,0,0,低风险
1053,0,329,低风险
1438,0,385,低风险
176,0,426,低风险
345,0,1069,低风险
1287,1,366,低风险
382,0,3755,低风险
354,0,3540,低风险
727,0,327,低风险
911,5,357,低风险
10468,918,334048,低风险
173,0,1737,低风险
360,0,9768,低风险
202,0,6527,低风险
31,0,0,低风险
336,0,1454,低风险
1477,11,335,低风险
301,0,291,低风险
238,0,311,低风险
249,0,285,低风险
44,0,134,低风险
160,0,193,低风险
237,0,374,低风险
220,0,434,低风险
281,0,17449,低风险
158,0,10144,低风险
105,7,2138,低风险
358,0,2085,低风险
219,0,1565,低风险
3248,0,328,低风险
300,0,1466,低风险
1,0,4,低风险
217,0,10384,低风险
325,0,2125,低风险
45,0,45,低风险
1574,1,400,低风险
88382,0,0,低风险
182,0,886,低风险
46,0,117,低风险
210,0,303,低风险
0,1,4,低风险
44,0,127,低风险
215,0,12884,低风险
495,0,0,低风险
0,4,0,低风险
382,0,526,低风险
312,0,839,低风险
233,0,275,低风险
884,0,0,低风险
254,0,390,低风险
236,0,309,低风险
147,4219,105,低风险
89,119,45,低风险
1436,0,433,低风险
8325,0,0,低风险
0,0,0,低风险
224,0,2649,低风险
191,0,1938,低风险
276,0,345,低风险
634,666,20143,低风险
245,0,14884,低风险
222,0,5834,低风险
201,0,362,低风险
44,0,44,低风险
8,0,224,低风险
332,0,749,低风险
254,0,4845,低风险
229,0,861,低风险
280,0,942,低风险
312,0,200,低风险
46,0,140,低风险
2901,1,332,低风险
303,0,29228,低风险
78,0,0,低风险
236,0,2033,低风险
42,0,124,低风险
170,0,13603,低风险
648,1,334,低风险
46,0,132,低风险
43,0,79,低风险
300,0,1042,低风险
201,0,4364,低风险
295,0,8227,低风险
835,58,1639484,低风险
243,0,1493,低风险
45,0,138,低风险
5891,0,0,低风险
44,0,44,低风险
1481,27,4152,低风险
42,23,34,低风险
0,0,0,低风险
516,0,4,低风险
246,0,2195,低风险
210,0,738,低风险
1896,15,446,低风险
237,0,8892,低风险
12022,0,1430,低风险
44,0,133,低风险
244,0,27000,低风险
347,0,362,低风险
308,0,1899,低风险
10,0,228,低风险
218,0,3089,低风险
308,0,1075,低风险
206,0,3731,低风险
37,0,0,低风险
201,0,458,低风险
223,0,5567,低风险
197,0,293,低风险
11600,0,1431,低风险
10389,0,0,低风险
306,0,389,低风险
316,0,3433,低风险
17,0,0,低风险
260,0,419,低风险
44,0,80,低风险
297,0,27928,低风险
29,0,29,低风险
182,0,0,低风险
45,0,119,低风险
253,0,2802,低风险
333,0,1300,低风险
214,0,882,低风险
290,0,263,低风险
310,0,2251,低风险
286,0,21900,低风险
319,0,387,低风险
295,0,35949,低风险
211,0,564,低风险
228,0,31614,低风险
105,0,0,低风险
146,2580,105,低风险
232,0,960,低风险
1016,1,332,低风险
232,0,391,低风险
221,0,4096,低风险
1162,0,333,低风险
204,0,1487,低风险
2056,0,0,低风险
331,0,279,低风险
43,0,73,低风险
287,0,3880,低风险
1490,6,407,低风险
104,7,2328,低风险
240,0,664,低风险
63,0,0,低风险
225,0,3649,低风险
652,0,327,低风险
0,0,0,低风险
46,0,83,低风险
2276,1,337,低风险
1453,28,4152,低风险
147,16872,105,低风险
224,0,7775,低风险
1342,0,0,低风险
207,0,5971,低风险
249,0,5691,低风险
314,0,309,低风险
218,0,4741,低风险
0,0,0,低风险
324,0,3461,低风险
2142,2,331,低风险
280,0,24971,低风险
200,0,293,低风险
189,0,9345,低风险
313,0,5790,低风险
147,1985,105,低风险
232,0,1380,低风险
888,0,327,低风险
3468,0,0,低风险
224,0,4114,低风险
245,0,0,低风险
637,0,0,低风险
192,0,0,低风险
220,0,391,低风险
0,1,4,低风险
212,0,362,低风险
219,0,952,低风险
202,0,1320,低风险
225,132,756,低风险
44,0,78,低风险
43,0,116,低风险
303,0,1130,低风险
201,0,2630,低风险
0,0,0,低风险
1538,28,4152,低风险
314,0,3445,低风险
320,0,3845,低风险
146,0,0,低风险
293,0,1579,低风险
1111,0,331,低风险
0,0,0,低风险
3235,0,281,低风险
218,0,5280,低风险
2890,0,0,低风险
195,0,280,低风险
217,0,1379,低风险
204,0,1651,低风险
326,0,1319,低风险
142,0,16627,低风险
45,0,135,低风险
491,0,0,低风险
217,0,5399,低风险
325,0,2109,低风险
236,0,1158,低风险
221,0,602,低风险
147,0,0,低风险
172,0,1138,低风险
325,0,426,低风险
44,0,76,低风险
200,0,421,低风险
224,0,1783,低风险
965,0,0,低风险
226,0,1705,低风险
331,0,2512,低风险
2091,26,326,低风险
298,0,1691,低风险
178,0,437,低风险
255,0,488,低风险
234,0,11864,低风险
383,0,0,低风险
2361,0,328,低风险
145,0,0,低风险
4998,3,416,低风险
233,0,581,低风险
42,22,42,低风险
333,0,1282,低风险
8812,0,372,低风险
221,0,1912,低风险
304,0,313,低风险
224,0,5024,低风险
192,0,0,低风险
373,0,0,低风险
186,0,14515,低风险
0,0,0,低风险
43,0,135,低风险
325,0,185,低风险
111,20,44,低风险
1256,0,329,低风险
314,0,365,低风险
216,0,5864,低风险
491,0,0,低风险
0,0,0,低风险
44,0,44,低风险
192,0,0,低风险
0,0,0,低风险
213,0,2713,低风险
2278,0,0,低风险
906,0,408,低风险
312,0,8819,低风险
317,0,370,低风险
185,0,19807,低风险
224,0,4414,低风险
238,0,2101,低风险
353,0,418,低风险
204881,0,335,低风险
302,0,1588,低风险
335,0,630,低风险
302,0,734,低风险
287,0,811,低风险
1690,0,0,低风险
322,0,3327,低风险
44,0,76,低风险
8766,0,0,低风险
370,0,414,低风险
960,0,0,低风险
105,0,146,低风险
298,0,947,低风险
254,0,386,低风险
89,119,45,低风险
1837,7,330,低风险
48,0,486,低风险
181,0,128,低风险
189,0,314,低风险
30,0,0,低风险
284,407,8734,低风险
307,0,673,低风险
1661,1,333,低风险
295,0,2966,低风险
161,0,5530,低风险
241,0,429,低风险
327,0,270,低风险
252,0,1483,低风险
217,0,1379,低风险
214,0,1651,低风险
339,0,1150,低风险
147,0,2447,低风险
970,0,388,低风险
235,0,32795,低风险
0,0,0,低风险
383,0,0,低风险
42,0,126,低风险
1376,0,0,低风险
2146,1,332,低风险
250,0,2196,低风险
228,0,7333,低风险
10272,0,0,低风险
271,0,3315,低风险
236,0,7610,低风险
320,0,8263,低风险
323,0,1056,低风险
253,0,1054,低风险
325,0,186,低风险
154,0,38649,低风险
191,0,1938,低风险
317,0,1040,低风险
252,0,1483,低风险
36,0,0,低风险
46,0,72,低风险
296,0,7956,低风险
147,2035,105,低风险
220,0,1205,低风险
187,0,312,低风险
147,16872,105,低风险
322,0,656,低风险
43,0,132,低风险
965,0,0,低风险
279,0,8936,低风险
146,9033,105,低风险
264,0,3011,低风险
238,0,3862,低风险
1630,8,335,低风险
2140,2,332,低风险
233,0,2943,低风险
289,0,1719,低风险
30,0,0,低风险
231,0,417,低风险
105,5,145,低风险
303,0,369,低风险
4539,0,0,低风险
307,0,400,低风险
227,0,9703,低风险
329,0,2126,低风险
9178,0,0,低风险
8,0,139,低风险
42,0,42,低风险
307,0,885,低风险
326,0,2431,低风险
313,0,940,低风险
323,0,608,低风险
206,0,1286,低风险
322,0,998,低风险
307,0,288,低风险
268,0,10333,低风险
196,0,7203,低风险
292,0,9001,低风险
199,0,986,低风险
193,0,28696,低风险
274,0,15342,低风险
248,0,2006,低风险
299,0,447,低风险
46,0,46,低风险
105,0,147,低风险
81,0,0,低风险
240,0,756,低风险
171,0,409,低风险
2194619,2,0,低风险
45,0,134,低风险
105,14,147,低风险
248,0,501,低风险
299,0,392,低风险
2265,0,387,低风险
0,0,0,低风险
252,0,0,低风险
309,0,390,低风险
289,0,16639,低风险
205,0,95839,低风险
87,0,0,低风险
326,0,942,低风险
183,0,0,低风险
284,0,170,低风险
191,0,1528,低风险
0,0,0,低风险
192,0,0,低风险
196,0,14123,低风险
222,0,1295,低风险
240,0,1469,低风险
334,0,279,低风险
886,4,326,低风险
42,0,42,低风险
46,0,46,低风险
145,9094,105,低风险
316,0,3605,低风险
234,0,927,低风险
257,0,418,低风险
242,0,669,低风险
3227,11460,36853,低风险
1258,2,359,低风险
373,0,1575,低风险
322,0,16407,低风险
884,0,0,低风险
357,0,841,低风险
30,0,0,低风险
208,0,424,低风险
44,0,76,低风险
276,0,0,低风险
10,0,35,低风险
236,0,1215,低风险
105,0,146,低风险
229,0,1003,低风险
48,0,48,低风险
0,0,0,低风险
288,0,555,低风险
1466,102,4152,低风险
36,0,0,低风险
942,1,374,低风险
2491,3,366,低风险
42,0,42,低风险
4753,0,0,低风险
12715,15,1459,低风险
43,0,125,低风险
212,0,6134,低风险
210,0,1863,低风险
245,0,1761,低风险
281,0,3816,低风险
0,0,0,低风险
95,0,0,低风险
78,0,0,低风险
233,0,13807,低风险
309,0,755,低风险
44,0,134,低风险
46,0,80,低风险
44,0,44,低风险
105,0,145,低风险
43,0,134,低风险
7,0,221,低风险
2890,0,0,低风险
190,0,244,低风险
350,0,590,低风险
291,0,2669,低风险
46,0,128,低风险
212,0,984,低风险
284,23,903,低风险
906,0,408,低风险
696,0,333,低风险
30,0,0,低风险
210,0,806,低风险
65,0,0,低风险
2615,0,326,低风险
338,0,1228,低风险
145,2629,105,低风险
125,0,235,低风险
209,0,577,低风险
145,4685,105,低风险
241,0,2324,低风险
0,0,0,低风险
44,0,44,低风险
318,0,3016,低风险
109,10946,3245,低风险
307,0,635,低风险
345,0,713,低风险
292,0,6669,低风险
6601,0,0,低风险
320,0,8263,低风险
181,0,0,低风险
43,0,126,低风险
316,0,505,低风险
12286,0,0,低风险
211,0,861,低风险
301,0,3654,低风险
105,0,145,低风险
3081,0,334,低风险
46,0,75,低风险
43,0,125,低风险
3064,0,336,低风险
337,0,10541,低风险
45,0,45,低风险
44,0,76,低风险
1363,0,0,低风险
164,0,9785,低风险
22,0,75,低风险
383,0,0,低风险
305,0,3819,低风险
0,0,0,低风险
225,21,767,低风险
317,0,2491,低风险
24,1,36,低风险
193,0,929,低风险
319,0,3432,低风险
353,0,2251,低风险
284,0,1444,低风险
1513,31,4152,低风险
45,0,77,低风险
206,0,576,低风险
251,0,272,低风险
1250,1,327,低风险
105,1,147,低风险
44,0,138,低风险
243,55,238,低风险
218,0,2839,低风险
227,0,3898,低风险
213,0,1108,低风险
42,0,42,低风险
313,0,313,低风险
192,0,762,低风险
324,0,456,低风险
12338,0,918,低风险
4316,0,0,低风险
213,0,2713,低风险
145,0,0,低风险
231,0,5417,低风险
2119,11,332,低风险
6601,0,0,低风险
269,0,2117,低风险
313,0,11759,低风险
20,0,0,低风险
418,0,9927,低风险
145,0,0,低风险
44,0,92,低风险
30,0,0,低风险
260,0,1596,低风险
223,0,2137,低风险
0,0,0,低风险
285,0,25519,低风险
317,0,23209,低风险
209,0,1080,低风险
44788,0,48103,低风险
105,0,146,低风险
307,0,1212,低风险
174,264,4267,低风险
200,0,6529,低风险
71,0,0,低风险
182,0,1953,低风险
39,0,39,低风险
43,0,128,低风险
415,0,235,低风险
602,1,333,低风险
5891,0,0,低风险
12324,0,0,低风险
30,0,0,低风险
324,0,258,低风险
146,687,105,低风险
224,0,1228,低风险
17,3030,17,低风险
234,0,1244,低风险
214,0,9673,低风险
146,6522,105,低风险
418,0,6726,低风险
215,0,6367,低风险
0,0,0,低风险
241,0,1400,低风险
652,0,327,低风险
1201,0,330,低风险
1132,0,279,低风险
216,0,2658,低风险
230,0,465,低风险
237,0,34513,低风险
196,0,1337,低风险
1100,12,330,低风险
0,0,0,低风险
301,0,18376,低风险
0,0,0,低风险
245,0,0,低风险
323,0,3805,低风险
350,0,719,低风险
193,0,2969,低风险
12,0,0,低风险
387,0,349,低风险
26,0,0,低风险
291,0,1792,低风险
4753,0,0,低风险
35195,0,0,低风险
207,0,306,低风险
44,0,112,低风险
252,0,0,低风险
239,0,1423,低风险
44,0,126,低风险
0,0,0,低风险
343,0,2445,低风险
275,0,337,低风险
147,4219,105,低风险
381,0,1139,低风险
209,0,1817,低风险
859,0,325,低风险
30,0,0,低风险
45,0,111,低风险
215,0,1761,低风险
329,0,12471,低风险
313,0,2698,低风险
161,0,257,低风险
223,0,1139,低风险
145,1185,105,低风险
285,0,12884,低风险
313,0,9458,低风险
339,0,1035,低风险
700,0,325,低风险
1635,0,333,低风险
208,0,281,低风险
216,0,1302,低风险
0,0,0,低风险
43,0,129,低风险
347,0,483,低风险
691,842,24668,低风险
325,0,682,低风险
306,23,1043,低风险
268,0,9518,低风险
213,0,414,低风险
38,0,130,低风险
102,0,0,低风险
216,0,4080,低风险
307,0,727,低风险
150,4,13042,低风险
11376,0,0,低风险
41,0,70,低风险
319,0,1338,低风险
236,0,770,低风险
1125,0,386,低风险
45,0,133,低风险
254,0,390,低风险
841,0,325,低风险
220,0,12250,低风险
110,29,33,低风险
45,0,129,低风险
182,0,0,低风险
44,0,115,低风险
252,0,1483,低风险
44,0,69,低风险
219,0,607,低风险
216,0,1077,低风险
293,0,5915,低风险
244,0,198,低风险
295,0,2996,低风险
212,0,362,低风险
340,0,780,低风险
233,0,891,低风险
1318,12041,9761,低风险
317,0,2989,低风险
11,0,0,低风险
354,0,449,低风险
314,0,575,低风险
330,0,772,低风险
45,0,114,低风险
643,2,330,低风险
216,0,2100,低风险
46,0,72,低风险
36,0,0,低风险
46,29,46,低风险
0,0,0,低风险
15,0,0,低风险
1837,7,330,低风险
346,0,1943,低风险
0,0,0,低风险
298,0,1075,低风险
305,0,3819,低风险
335,0,480,低风险
43,0,43,低风险
201,0,1026,低风险
92,1130,1204,低风险
383,0,0,低风险
30,0,0,低风险
2326,10,231052,低风险
224,0,1270,低风险
211,0,304,低风险
147,4545,105,低风险
42,23,34,低风险
352,0,788,低风险
266,0,529,低风险
201,0,3142,低风险
223,0,2137,低风险
272,0,361,低风险
216,0,8970,低风险
219,0,935,低风险
2455,0,333,低风险
383,0,0,低风险
316,0,2239,低风险
303,0,458,低风险
297,0,2107,低风险
1452,2,330,低风险
327,0,1921,低风险
385,0,361,低风险
287,0,1728,低风险
771,0,374,低风险
302,0,241,低风险
198,0,256,低风险
45,0,131,低风险
10,0,39,低风险
641,0,0,低风险
43,0,109,低风险
45,0,76,低风险
231,0,375,低风险
44,0,73,低风险
340,0,805,低风险
232,0,2507,低风险
292,0,23238,低风险
145,1900,105,低风险
0,0,0,低风险
851,0,479,低风险
1458,29,4152,低风险
1232,1,333,低风险
205,0,13831,低风险
15377,0,0,低风险
212,0,529,低风险
0,0,0,低风险
3334,1,332,低风险
244,0,2316,低风险
641,0,0,低风险
0,0,0,低风险
1419,2,367,低风险
2376,10,329,低风险
0,0,0,低风险
1012,0,331,低风险
146,687,105,低风险
12,0,0,低风险
45,0,72,低风险
218,0,259,低风险
260,0,190,低风险
297,0,1423,低风险
308,0,299,低风险
1570,14,332,低风险
3909,0,0,低风险
45,0,45,低风险
214,0,4954,低风险
196,0,467,低风险
241,0,389,低风险
285,0,812,低风险
337,0,255,低风险
748,0,0,低风险
805,0,328,低风险
231,0,15618,低风险
300,0,1473,低风险
46,0,78,低风险
294,0,616,低风险
246,0,4686,低风险
1546,0,336,低风险
312,0,2507,低风险
0,0,0,低风险
279,0,3731,低风险
236,0,29200,低风险
748,0,0,低风险
259,0,398,低风险
1362,15,327,低风险
333,0,5726,低风险
105,0,0,低风险
32,0,48,低风险
1504,0,338,低风险
331,0,9207,低风险
212,0,5044,低风险
30,0,0,低风险
911,3,332,低风险
43,0,130,低风险
339,0,5320,低风险
210,0,498,低风险
247,0,1638,低风险
146,7130,105,低风险
937,1,373,低风险
30,0,0,低风险
44,0,134,低风险
46,0,141,低风险
59,0,0,低风险
1504,29,4152,低风险
252,0,2125,低风险
236,0,26817,低风险
247,0,589,低风险
204,0,1368,低风险
205,0,465,低风险
235,22,769,低风险
46,0,128,低风险
45,0,45,低风险
2766,0,476,低风险
298,0,1515,低风险
244,0,1026,低风险
220,24,767,低风险
390,3983,7872,低风险
316,0,334,低风险
44,0,129,低风险
45,0,135,低风险
884,0,0,低风险
336,0,12265,低风险
210,0,746,低风险
221,0,1789,低风险
44,0,113,低风险
192,0,0,低风险
145,575,105,低风险
46,0,134,低风险
153,0,9267,低风险
848,31,2586,低风险
30,0,0,低风险
186,0,690,低风险
1713,0,336,低风险
37,0,0,低风险
221,0,602,低风险
5891,0,0,低风险
44,0,76,低风险
44,0,72,低风险
226,0,1270,低风险
0,0,0,低风险
36,0,0,低风险
6,0,269,低风险
42,0,42,低风险
312,0,10010,低风险
332,0,10351,低风险
105,1,147,低风险
199,0,2055,低风险
210,0,1313,低风险
289,0,3780,低风险
40,0,40,低风险
105,0,145,低风险
347,0,1417,低风险
7196,0,0,低风险
294,0,3327,低风险
42,0,42,低风险
309,0,398,低风险
311,0,1473,低风险
637,0,0,低风险
257,0,125015,低风险
243,0,398,低风险
145,2130,105,低风险
304,0,1680,低风险
0,0,0,低风险
46,0,72,低风险
12241,0,0,低风险
425,0,0,低风险
224,0,449,低风险
205,0,1042,低风险
289,0,183,低风险
348,0,2870,低风险
272,0,2042,低风险
0,0,0,低风险
325,0,1817,低风险
221,0,1425,低风险
46,0,46,低风险
214,0,306,低风险
601,0,286,低风险
167,0,2770,低风险
2376,10,329,低风险
1084,1,327,低风险
358,0,1329,低风险
342,0,2263,低风险
240,0,2698,低风险
31,0,0,低风险
230,0,15121,低风险
651,0,480,低风险
313,0,248,低风险
208,0,2668,低风险
251,0,388,低风险
266,0,691,低风险
360,0,1738,低风险
314,0,1053,低风险
330,0,837,低风险
328,0,24786,低风险
209,0,1820,低风险
224,0,832,低风险
222,0,1447,低风险
205,159,308,低风险
0,0,0,低风险
748,0,0,低风险
46,0,76,低风险
33,0,0,低风险
258,0,7333,低风险
311,0,248,低风险
294,0,1719,低风险
254,0,1419,低风险
1080,1,327,低风险
334,0,10383,低风险
187,0,15157,低风险
230,0,10828,低风险
253,0,607,低风险
268,5,279,低风险
326,0,12944,低风险
225,0,758,低风险
512,0,307,低风险
172,0,15119,低风险
213,0,6418,低风险
244,0,1026,低风险
0,0,0,低风险
248,0,3200,低风险
46,0,132,低风险
2099,0,368,低风险
1153,0,0,低风险
147,0,0,低风险
214,0,283,低风险
82,0,206,低风险
456980,0,0,低风险
1030,0,0,低风险
245,0,0,低风险
198,0,2406,低风险
309,0,10929,低风险
345,0,607,低风险
303,0,312,低风险
271,0,3315,低风险
294,0,1600,低风险
30,0,0,低风险
194,0,0,低风险
207,0,337,低风险
43,0,109,低风险
202,0,1382,低风险
42,0,122,低风险
327,0,607,低风险
1133,0,329,低风险
44,0,76,低风险
75,0,46,低风险
0,0,0,低风险
44,0,120,低风险
312,0,6775,低风险
204,0,3881,低风险
147,0,11633,低风险
840,0,336,低风险
147,0,0,低风险
194,0,365,低风险
1330,10,282,低风险
208,0,1645,低风险
345,0,9146,低风险
26408,0,0,低风险
200,0,354,低风险
215,0,337,低风险
246,0,602,低风险
105,0,146,低风险
246,0,11889,低风险
147,0,376,低风险
105,0,145,低风险
287,27,903,低风险
226,0,4046,低风险
42,0,84,低风险
293,0,253,低风险
308,0,579,低风险
44,0,69,低风险
0,0,0,低风险
205,0,1395,低风险
884,0,0,低风险
264,0,8786,低风险
216,0,1233,低风险
219,0,465,低风险
1567,0,476,低风险
42,0,42,低风险
516,0,4,低风险
7233,0,0,低风险
147,0,0,低风险
287,0,2859,低风险
9,0,593,低风险
109,14,45,低风险
305,0,3248,低风险
2621,1,332,低风险
1458,0,325,低风险
151,0,1946,低风险
4491,0,0,低风险
88,0,0,低风险
105,0,145,低风险
1580,6,333,低风险
209,0,1080,低风险
44,0,70,低风险
0,0,0,低风险
2476,1,387,低风险
44,0,115,低风险
45,0,135,低风险
147,2475,105,低风险
368,0,200,低风险
30,0,0,低风险
44,0,110,低风险
3446,0,328,低风险
317,0,667,低风险
210,0,797,低风险
215,0,2698,低风险
262,0,11785,低风险
594,0,325,低风险
214,0,1394,低风险
44,0,44,低风险
147,1208,105,低风险
42,0,42,低风险
192,2,1630,低风险
938,27,2720,低风险
324,0,344,低风险
234,0,5280,低风险
181,0,0,低风险
0,0,0,低风险
217,0,3669,低风险
5929,0,0,低风险
761,0,330,低风险
45,0,77,低风险
42,0,129,低风险
240,0,434,低风险
197,0,1410,低风险
251,0,6314,低风险
245,0,357,低风险
7940,0,0,低风险
991,0,330,低风险
43,0,74,低风险
294,0,297,低风险
45,0,87,低风险
313,0,1404,低风险
46,0,128,低风险
187,0,312,低风险
4753,0,0,低风险
938,1,332,低风险
311,0,26340,低风险
203,0,6178,低风险
209,0,1820,低风险
289,0,454,低风险
266,0,1646,低风险
221,0,10554,低风险
318,0,357,低风险
1295,1,375,低风险
8,0,0,低风险
306,0,2507,低风险
171,0,409,低风险
351,0,725,低风险
205,0,253,低风险
239,0,775,低风险
223,0,2358,低风险
228,0,7333,低风险
379,0,2269,低风险
1787,0,327,低风险
12,0,0,低风险
105,0,0,低风险
105,0,146,低风险
1066,0,279,低风险
9654,17,337,低风险
321,0,1116,低风险
0,0,0,低风险
383,0,0,低风险
300,0,1195,低风险
46,0,81,低风险
313,0,940,低风险
219,0,336,低风险
301,0,416,低风险
236,0,189,低风险
760,0,326,低风险
254,0,732,低风险
216,0,2658,低风险
92884,1,328,低风险
2010,3,334,低风险
193,0,758,低风险
246,0,602,低风险
42,0,71,低风险
212,0,0,低风险
44,0,80,低风险
903,15,388,低风险
1936,0,398,低风险
235,0,439,低风险
45,0,79,低风险
233,0,1919,低风险
26408,0,0,低风险
42,0,42,低风险
46,0,127,低风险
309,0,3248,低风险
312,0,422,低风险
0,0,0,低风险
44,0,72,低风险
312,0,575,低风险
973,0,326,低风险
43,0,73,低风险
328,240,275,低风险
46,0,71,低风险
10272,0,0,低风险
36,0,0,低风险
203,0,402,低风险
397,0,788,低风险
174,0,3159,低风险
42,3,42,低风险
0,0,0,低风险
226,0,191,低风险
260,0,387,低风险
195,0,318,低风险
303,0,2516,低风险
250,0,774,低风险
259,0,295,低风险
491,0,0,低风险
315,0,1660,低风险
146,8649,105,低风险
291,0,320,低风险
190,0,3586,低风险
4866,14680,72771,低风险
147,2708,105,低风险
199,0,363,低风险
360,0,4425,低风险
288,0,401,低风险
216,0,2654,低风险
226,0,1933,低风险
331,0,1252,低风险
201,0,1058,低风险
42,0,65,低风险
278,0,563,低风险
211,0,294,低风险
147,4576,105,低风险
46,0,146,低风险
24,13,42,低风险
306,0,1075,低风险
199,0,2055,低风险
30,0,0,低风险
237,0,1091,低风险
0,0,0,低风险
2061,1,335,低风险
22,0,0,低风险
234,0,6850,低风险
318,0,2649,低风险
314,0,6946,低风险
208,0,757,低风险
228,0,11390,低风险
324,0,344,低风险
1895,4,336,低风险
6,0,357,低风险
194,0,0,低风险
0,0,0,低风险
147,275,105,低风险
225,0,550,低风险
205,0,1651,低风险
333,0,1301,低风险
343,0,203,低风险
1770,3,328,低风险
250,0,683,低风险
255,0,6023,低风险
30,0,0,低风险
37,0,0,低风险
1743,0,277,低风险
482,0,9079,低风险
46,0,130,低风险
213,0,3276,低风险
241,0,4848,低风险
105,14,147,低风险
368,0,2751,低风险
339,0,2873,低风险
303,0,1349,低风险
191,0,17975,低风险
1213,3,361,低风险
88382,0,0,低风险
146,2420,105,低风险
319,0,12434,低风险
298,0,6515,低风险
306,0,1075,低风险
214,0,788,低风险
324,0,1249,低风险
325,0,186,低风险
0,0,0,低风险
0,0,0,低风险
42,0,42,低风险
345,0,4047,低风险
1970,0,401,低风险
0,0,0,低风险
641,0,0,低风险
45,0,126,低风险
42,0,42,低风险
337,0,664,低风险
234,0,2659,低风险
237,63,406,低风险
1289,0,331,低风险
29,0,29,低风险
346,0,4291,低风险
611,0,331,低风险
45,0,129,低风险
157,0,607,低风险
45,0,45,低风险
309,0,757,低风险
158,0,10144,低风险
30,0,0,低风险
302,0,258,低风险
218,0,1721,低风险
332,0,12343,低风险
210,0,1888,低风险
314,0,2387,低风险
748,0,0,低风险
7,0,221,低风险
147,5385,105,低风险
42,0,102,低风险
642,0,327,低风险
208,0,1337,低风险
113,0,0,低风险
256,0,8708,低风险
219,0,2747,低风险
1517,1,332,低风险
199,0,1606,低风险
972,0,330,低风险
0,0,0,低风险
12324,0,0,低风险
0,0,0,低风险
315,0,2777,低风险
326,0,2659,低风险
202,0,1382,低风险
64,0,0,低风险
228,0,1712,低风险
200,0,2224,低风险
1126224,12,16064,低风险
214,0,337,低风险
45,0,45,低风险
180,0,2401,低风险
297,0,616,低风险
293,0,1875,低风险
228,0,7333,低风险
200,0,1021,低风险
325,0,16692,低风险
311,0,1426,低风险
0,0,0,低风险
44,0,44,低风险
6,0,147,低风险
43,0,130,低风险
608,0,327,低风险
46,0,135,低风险
210,0,955,低风险
95,5,36,低风险
291,0,2669,低风险
46,0,72,低风险
74,0,0,低风险
210,0,5756,低风险
44,0,70,低风险
207,0,2429,低风险
45,0,45,低风险
0,0,0,低风险
222,0,866,低风险
273,0,4834,低风险
213,0,12863,低风险
196,0,210,低风险
516,0,4,低风险
767,0,332,低风险
1295,1,375,低风险
848,5,329,低风险
269,0,285,低风险
255,0,488,低风险
191,0,1938,低风险
42,0,73,低风险
319,0,387,低风险
1493,6,365,低风险
211,0,321,低风险
307,0,863,低风险
171,0,409,低风险
756,1,332,低风险
234,0,3918,低风险
110,0,44,低风险
742,1,329,低风险
215,0,755,低风险
17,0,70,低风险
207,0,1345,低风险
214,0,253,低风险
289,0,8891,低风险
0,0,0,低风险
293,0,13599,低风险
243,0,281,低风险
1369,0,333,低风险
206,0,1056,低风险
220,0,370,低风险
232,0,332,低风险
740,0,0,低风险
258,0,6627,低风险
249,0,1875,低风险
252,0,0,低风险
370,0,468,低风险
301,0,4433,低风险
213,0,310,低风险
244,0,976,低风险
201,0,1263,低风险
794,14517,152110,低风险
226,0,1125,低风险
250,0,271,低风险
212,0,1115,低风险
46,0,46,低风险
0,0,0,低风险
317,0,15675,低风险
12165,0,0,低风险
307,0,5381,低风险
316,0,1373,低风险
243,0,1973,低风险
9198,0,0,低风险
46,0,73,低风险
316,0,9737,低风险
241,0,668,低风险
340,0,283,低风险
297,0,1468,低风险
190,0,170,低风险
15876,0,0,低风险
222,0,1273,低风险
324,0,9572,低风险
295,0,955,低风险
889,46,558164,低风险
147,12202,105,低风险
903,15,388,低风险
241,0,36362,低风险
209,0,2894,低风险
493,0,3294,低风险
289,0,3780,低风险
3245,0,399,低风险
0,0,0,低风险
326,0,1639,低风险
216,0,2317,低风险
111,14,36,低风险
242,0,3008,低风险
0,0,0,低风险
44,0,110,低风险
292,0,10180,低风险
364,0,471,低风险
46,0,46,低风险
1346,1,329,低风险
216,0,294,低风险
137,81,4101,低风险
311,0,488,低风险
112,0,46,低风险
285,0,710,低风险
516,0,0,低风险
223,0,482,低风险
320,0,4760,低风险
0,0,0,低风险
147,0,0,低风险
1874,0,0,低风险
44,0,130,低风险
904,20,330,低风险
992,0,329,低风险
48,0,487,低风险
1206,2,334,低风险
977,0,333,低风险
296,0,1518,低风险
204,0,13599,低风险
1102,1,335,低风险
146,4610,105,低风险
44,0,138,低风险
331,0,2518,低风险
266,0,1963,低风险
309,0,1949,低风险
1191,0,3023,低风险
329,0,3290,低风险
227,0,318,低风险
4539,0,0,低风险
231,0,4267,低风险
4753,0,0,低风险
1273,3,333,低风险
567,0,0,低风险
226,0,2663,低风险
146,3949,105,低风险
146,12571,105,低风险
147,1525,105,低风险
271,0,583,低风险
296,0,5971,低风险
192,0,0,低风险
315,0,663,低风险
216,0,3024,低风险
43,0,43,低风险
288,0,4962,低风险
224,0,2222,低风险
1361,0,489,低风险
356,0,1125,低风险
944,0,332,低风险
122,1,232,低风险
191,0,2536,低风险
45,0,70,低风险
0,0,0,低风险
304,0,3222,低风险
148,0,35147,低风险
298,0,356,低风险
0,0,0,低风险
182,0,1805,低风险
168,0,3030,低风险
191,0,2241,低风险
363,0,345,低风险
296,0,1518,低风险
234,0,34237,低风险
842,0,334,低风险
211,0,480,低风险
12715,15,1459,低风险
369,0,6193,低风险
0,0,6361,低风险
351,0,310,低风险
192,0,4500,低风险
929,1,333,低风险
217,0,1893,低风险
271,0,823,低风险
224,0,2183,低风险
147,9505,105,低风险
217,0,1324,低风险
313,0,9204,低风险
307,0,12304,低风险
44,0,44,低风险
331,0,1187,低风险
2004,5,403,低风险
145,3209,105,低风险
200,0,402,低风险
1316,0,332,低风险
209,0,2071,低风险
3450,2,337,低风险
45,0,73,低风险
317,0,667,低风险
2194619,2,0,低风险
988,1,334,低风险
243,0,261,低风险
324,0,1299,低风险
191,0,511,低风险
238,0,318,低风险
1304,2,330,低风险
320,0,6396,低风险
0,0,0,低风险
0,0,0,低风险
342,0,8243,低风险
199,0,770,低风险
254,0,1419,低风险
0,0,0,低风险
45,0,109,低风险
0,0,0,低风险
44,0,110,低风险
1519,27,4152,低风险
200,0,955,低风险
105,0,0,低风险
220,0,3410,低风险
146,6214,105,低风险
233,0,4296,低风险
159,0,347,低风险
92,36,36,低风险
45,0,132,低风险
224,0,1918,低风险
224,0,3012,低风险
159,0,9569,低风险
298,0,1709,低风险
1762,0,331,低风险
44,0,78,低风险
314,0,868,低风险
229,0,2658,低风险
12324,0,0,低风险
13,0,0,低风险
217,0,1035,低风险
246,0,1903,低风险
3775,0,0,低风险
208,0,1645,低风险
59,0,0,低风险
218,0,6329,低风险
1465,9,365,低风险
170,0,37014,低风险
195,0,1993,低风险
224,0,3462,低风险
43,0,116,低风险
293,0,2486,低风险
335,0,383,低风险
567,0,0,低风险
46,0,142,低风险
44,0,73,低风险
46,0,46,低风险
231,0,2565,低风险
193,0,7355,低风险
44,0,100,低风险
292,0,2159,低风险
313,0,267,低风险
187,0,590,低风险
274,0,1836,低风险
310,0,3222,低风险
181,0,0,低风险
254,0,791,低风险
325,0,673,低风险
328,0,1197,低风险
44,0,135,低风险
301,0,5831,低风险
220,0,4556,低风险
359,0,2282,低风险
323,0,1056,低风险
147,9838,105,低风险
44,0,77,低风险
979,0,329,低风险
45,0,132,低风险
1490,0,331,低风险
35,0,35,低风险
188,0,1364,低风险
5891,0,0,低风险
209,0,1155,低风险
190,0,8654,低风险
252,0,2795,低风险
12,0,0,低风险
222,0,488,低风险
218,0,9284,低风险
30,0,0,低风险
316,0,354,低风险
215,0,956,低风险
310,0,924,低风险
368,0,1856,低风险
0,0,0,低风险
295,0,8091,低风险
280,0,18968,低风险
42,0,42,低风险
161,0,760,低风险
165,0,175,低风险
216,0,3270,低风险
228,0,397,低风险
311,0,1426,低风险
325,0,741,低风险
364,0,513,低风险
234,0,1410,低风险
211,0,1842,低风险
755,0,327,低风险
344,0,3123,低风险
1055,0,331,低风险
317,0,315,低风险
45,0,81,低风险
326,0,2659,低风险
666,0,328,低风险
300,0,1444,低风险
2491,0,489,低风险
244,0,370,低风险
2544,8,333,低风险
3475,0,0,低风险
235,0,3913,低风险
147,4816,105,低风险
1645,1,332,低风险
236,0,285,低风险
46,0,46,低风险
525,8,335,低风险
12,0,0,低风险
292,0,14949,低风险
315,0,2777,低风险
6932,0,0,低风险
200,0,2224,低风险
2099,0,368,低风险
501760,0,0,低风险
696,1,363,低风险
305,0,2698,低风险
0,2,4,低风险
147,4115,105,低风险
343,0,2445,低风险
0,0,0,低风险
19,0,0,低风险
105,0,0,低风险
2361,0,328,低风险
340,0,805,低风险
337,0,942,低风险
230,24,767,低风险
199,0,530,低风险
3468,0,0,低风险
46,0,46,低风险
192,0,10723,低风险
212,0,11836,低风险
30,0,0,低风险
44,0,44,低风险
228,0,3749,低风险
264,0,481,低风险
206,0,285,低风险
105,0,145,低风险
740,0,0,低风险
205,0,248,低风险
281,0,1976,低风险
105,0,146,低风险
323,0,1680,低风险
189,0,15028,低风险
0,0,0,低风险
217,0,6464,低风险
357,0,1266,低风险
0,0,0,低风险
1046,0,333,低风险
95,0,0,低风险
2194619,4,0,低风险
186,0,2958,低风险
217,0,4459,低风险
200,0,253,低风险
296,0,18046,低风险
13549,1,1858,低风险
294,0,454,低风险
357,0,2333,低风险
252,0,0,低风险
229,0,1070,低风险
213,0,22841,低风险
324,0,4041,低风险
147,0,0,低风险
42,0,72,低风险
286,0,1415,低风险
235,0,370,低风险
147,0,0,低风险
241,0,429,低风险
343,0,11202,低风险
2162,0,334,低风险
245,0,266,低风险
286,0,1267,低风险
287,0,74301,低风险
2232,0,334,低风险
315,0,181,低风险
1701,1,328,低风险
312,0,2288,低风险
146,0,423,低风险
205,0,882,低风险
340,0,698,低风险
0,0,0,低风险
211,0,2530,低风险
383,0,0,低风险
209,0,1800,低风险
105,10,147,低风险
230,0,21240,低风险
211,0,1845,低风险
229,0,5105,低风险
1484,27,4152,低风险
848,0,329,低风险
147,12202,105,低风险
159,0,9569,低风险
1363,0,0,低风险
210,0,3754,低风险
44,0,74,低风险
567,0,0,低风险
296,0,11753,低风险
46,0,46,低风险
245,0,406,低风险
204,0,377,低风险
247,0,9324,低风险
198,0,260,低风险
224,0,919,低风险
337,0,1893,低风险
6601,0,0,低风险
37,0,0,低风险
250,0,531,低风险
212,0,5723,低风险
0,0,0,低风险
322,0,4137,低风险
45,0,75,低风险
44,0,72,低风险
209,0,1965,低风险
13108,46,1381,低风险
44,0,156,低风险
202,0,1320,低风险
159,0,0,低风险
740,0,0,低风险
263,0,3253,低风险
307,0,1109,低风险
45,0,125,低风险
146,5749,105,低风险
253,0,453,低风险
43,0,126,低风险
194,0,0,低风险
2493,0,328,低风险
263,0,1630,低风险
312,0,30739,低风险
33,0,0,低风险
0,0,0,低风险
294,0,478,低风险
206,0,14927,低风险
607,0,0,低风险
212,0,313,低风险
105,0,0,低风险
253,0,939,低风险
342,0,327,低风险
334,0,1320,低风险
331,0,6162,低风险
3468,0,0,低风险
640,1,340,低风险
1519900,638,410092,低风险
1085,5,328,低风险
141,0,40380,低风险
304,0,784,低风险
227,0,2445,低风险
309,0,534,低风险
257,0,15697,低风险
44,0,71,低风险
35195,0,0,低风险
45,0,45,低风险
2056,0,0,低风险
1304,2,330,低风险
225,0,17,低风险
4657,0,334,低风险
44,0,128,低风险
930,0,333,低风险
181,0,14276,低风险
312,0,1373,低风险
0,0,0,低风险
186,0,4841,低风险
147,0,0,低风险
146,0,0,低风险
192,0,0,低风险
35,0,35,低风险
147,0,0,低风险
244,0,198,低风险
274,0,12922,低风险
287,0,269,低风险
729,0,333,低风险
228,0,6068,低风险
234,0,685,低风险
45,0,111,低风险
196,0,391,低风险
326,22,1054,低风险
105,0,146,低风险
1361,0,489,低风险
1000,4814,5740,低风险
1121,9114,7999,低风险
44,0,44,低风险
217,0,1903,低风险
250,0,1155,低风险
259,0,0,低风险
231,0,1287,低风险
48,0,473,低风险
516,0,4,低风险
233,0,1075,低风险
323,0,2052,低风险
175,0,497,低风险
0,0,0,低风险
318,22,1054,低风险
45,0,124,低风险
283,0,7313,低风险
0,0,0,低风险
227,0,484,低风险
216,0,3166,低风险
229,0,1107,低风险
1470,0,0,低风险
44,0,69,低风险
146,2230,105,低风险
260,0,4428,低风险
227,0,1317,低风险
164,0,30881,低风险
42,4,42,低风险
105,0,145,低风险
1188,0,333,低风险
283,0,7313,低风险
11895,5,1359,低风险
299,0,305,低风险
2602,1,330,低风险
214,0,1047,低风险
44,0,132,低风险
298,0,3579,低风险
46,0,138,低风险
171,0,7280,低风险
748,0,0,低风险
105,0,0,低风险
30,0,0,低风险
4539,0,0,低风险
17,0,17,低风险
3676,0,0,低风险
337,0,703,低风险
190,0,622,低风险
230,0,857,低风险
45,0,45,低风险
8737,0,0,低风险
45,0,135,低风险
300,0,22055,低风险
516,0,4,低风险
46,0,46,低风险
258,0,9720,低风险
294,0,832,低风险
219,0,1042,低风险
217,0,1042,低风险
2890,0,0,低风险
42,0,42,低风险
1538,28,4152,低风险
46,0,133,低风险
147,0,16060,低风险
516,0,4,低风险
43,0,43,低风险
312,0,3040,低风险
147,0,0,低风险
1119,4,329,低风险
298,0,290,低风险
164,0,9785,低风险
291,0,4858,低风险
214,0,313,低风险
1049,0,326,低风险
45,0,129,低风险
256,0,791,低风险
246,0,728,低风险
327,0,310,低风险
1490,27,4152,低风险
309,0,7732,低风险
190,0,2165,低风险
274,0,2920,低风险
364,0,236,低风险
337,0,3360,低风险
290,0,37009,低风险
224,0,3867,低风险
237,0,394,低风险
113,0,0,低风险
5929,0,0,低风险
212,0,418,低风险
374,0,3796,低风险
276,0,0,低风险
1247,0,365,低风险
233,0,31639,低风险
516,0,4,低风险
334,0,617,低风险
324,0,431,低风险
30,0,0,低风险
288,0,3193,低风险
331,0,924,低风险
516,0,4,低风险
44,0,44,低风险
374,0,0,低风险
102,20,1341,低风险
236,0,3222,低风险
0,0,0,低风险
151,0,0,低风险
105,0,147,低风险
339,0,19790,低风险
216,0,594,低风险
516,0,4,低风险
9,0,147,低风险
854,0,0,低风险
266,0,1646,低风险
45,0,128,低风险
148,0,13023,低风险
296,0,1415,低风险
317,0,2186,低风险
216,0,7384,低风险
235,0,22150,低风险
1500,27,4152,低风险
45,0,75,低风险
215,0,1469,低风险
307,0,2769,低风险
383,0,0,低风险
316,0,354,低风险
249,0,484,低风险
211,0,2251,低风险
207,0,10399,低风险
282,0,51974,低风险
367,0,2906,低风险
44,0,44,低风险
262,0,2539,低风险
211,0,2156,低风险
224,0,260,低风险
226,0,651,低风险
848,0,332,低风险
291,0,1349,低风险
1005,0,336,低风险
145,89,105,低风险
209,0,957,低风险
42,0,127,低风险
314,0,455,低风险
146,815,105,低风险
327,0,7156,低风险
78,0,0,低风险
105,0,145,低风险
8,0,147,低风险
1174,0,329,低风险
587,727,18961,低风险
228,0,302,低风险
253,0,1396,低风险
276,0,0,低风险
235,0,19714,低风险
45,0,136,低风险
217,0,1379,低风险
59,0,0,低风险
202,0,674,低风险
249,0,1154,低风险
200,0,468,低风险
216,0,7103,低风险
383,0,0,低风险
304,0,753,低风险
307,0,2360,低风险
212,0,6134,低风险
0,0,0,低风险
1189,5,390,低风险
310,0,3222,低风险
210,0,305,低风险
78,0,0,低风险
248,0,789,低风险
103,7,2853,低风险
343,0,6901,低风险
45,0,134,低风险
2780,0,339,低风险
34,0,0,低风险
147,5831,105,低风险
299,0,266,低风险
0,0,0,低风险
501760,0,0,低风险
34,0,34,低风险
45,0,130,低风险
12,0,0,低风险
0,0,0,低风险
147,0,0,低风险
44,0,44,低风险
229,0,684,低风险
42,0,128,低风险
201,0,7980,低风险
210,0,2322,低风险
146,1530,105,低风险
748,0,0,低风险
44,0,133,低风险
2265,0,387,低风险
43,0,43,低风险
220,0,1109,低风险
1506,28,4152,低风险
296,0,422,低风险
10044,0,0,低风险
205,159,308,低风险
146,2585,105,低风险
235,0,1889,低风险
12286,0,0,低风险
0,0,0,低风险
183,0,0,低风险
173,0,25660,低风险
215,0,602,低风险
330,0,6758,低风险
216,0,2658,低风险
0,0,0,低风险
286,0,21900,低风险
306,0,491,低风险
146,2355,105,低风险
1348,1,331,低风险
44,0,133,低风险
230,0,52465,低风险
348,0,1322,低风险
276,0,308,低风险
45,0,111,低风险
42,0,108,低风险
240,0,866,低风险
209,0,1863,低风险
231,0,417,低风险
299,0,181,低风险
45,0,106,低风险
13891,1,328,低风险
225,0,1425,低风险
105,0,147,低风险
491,0,0,低风险
244,0,1088,低风险
758,0,330,低风险
9,0,141,低风险
233,0,1749,低风险
310,0,2730,低风险
337,0,942,低风险
198,0,181,低风险
567,0,0,低风险
45,0,71,低风险
324,0,185,低风险
231,0,2565,低风险
207,0,306,低风险
229,0,900,低风险
303,0,2516,低风险
225,0,4359,低风险
309,0,10378,低风险
1338,0,367,低风险
233,0,293,低风险
313,0,2033,低风险
328,0,1912,低风险
201,0,7980,低风险
128,0,44,低风险
312,0,3325,低风险
215,0,52248,低风险
553,0,327,低风险
146,2532,105,低风险
317,0,2075,低风险
259,0,115374,低风险
45,0,77,低风险
241,0,13345,低风险
293,0,1257,低风险
299,0,1046,低风险
845,0,328,低风险
383,0,0,低风险
212,0,1709,低风险
255,0,310,低风险
46,0,129,低风险
221,0,511,低风险
163,0,30042,低风险
1286,0,327,低风险
4316,0,0,低风险
244,0,454,低风险
373,0,0,低风险
231,0,2304,低风险
30,0,0,低风险
125,0,235,低风险
320,0,1737,低风险
209,0,1820,低风险
270,0,1074,低风险
1647,0,384,低风险
235,0,4097,低风险
45,0,142,低风险
0,0,0,低风险
147,0,0,低风险
146,3469,105,低风险
11324,10,1551,低风险
233,0,891,低风险
230,0,362,低风险
227,0,484,低风险
44,0,130,低风险
1111,0,331,低风险
289,0,765,低风险
12191,15,1409,低风险
43,0,43,低风险
218,0,983,低风险
5336,0,0,低风险
46,28,46,低风险
42,0,42,低风险
226,0,4512,低风险
396,0,4037,低风险
295,0,471,低风险
42,0,72,低风险
226,0,12884,低风险
501760,0,0,低风险
211,0,365,低风险
159,0,347,低风险
95,5,36,低风险
241,0,36362,低风险
2613,3,373,低风险
329,0,15337,低风险
4998,3,416,低风险
3555,16754,198172,低风险
43,0,128,低风险
1302,0,334,低风险
4539,0,0,低风险
212,0,11193,低风险
316,0,3605,低风险
1357,9,406,低风险
207,0,10679,低风险
224,0,1918,低风险
44,0,44,低风险
44,0,133,低风险
30,0,90,低风险
241,0,256,低风险
46,0,76,低风险
0,0,0,低风险
1874,0,0,低风险
1239,0,400,低风险
306,0,304,低风险
954,13,328,低风险
243,0,1973,低风险
201,0,1648,低风险
105,0,147,低风险
44,0,132,低风险
24440,0,0,低风险
311,0,8004,低风险
383,0,0,低风险
281,0,744,低风险
279,0,10726,低风险
45,0,131,低风险
222,0,1651,低风险
165,0,16129,低风险
1566,0,385,低风险
5929,0,0,低风险
308,0,774,低风险
145,3409,105,低风险
260,0,389,低风险
2552,8,330,低风险
291,0,833,低风险
189,0,3133,低风险
11396,0,1428,低风险
1376,15,332,低风险
146,19759,105,低风险
216,0,2526,低风险
323,0,188,低风险
2297,0,336,低风险
0,0,0,低风险
1066,0,481,低风险
44,0,69,低风险
147,18888,105,低风险
4316,0,0,低风险
45,0,80,低风险
306,0,2239,低风险
303,0,312,低风险
309,0,10378,低风险
248,0,2313,低风险
110,41,9225,低风险
45,0,70,低风险
279,0,294,低风险
0,0,0,低风险
204768,0,332,低风险
213,0,1211,低风险
147,3584,105,低风险
297,0,508,低风险
45,0,75,低风险
189,0,277,低风险
324,0,1249,低风险
46,0,134,低风险
301,0,1779,低风险
2201,0,325,低风险
30,0,0,低风险
308,0,5975,低风险
236,0,770,低风险
986,0,368,低风险
162,0,10384,低风险
209,0,2300,低风险
45,0,73,低风险
308,0,1075,低风险
260,0,1596,低风险
331,0,1907,低风险
189,0,18004,低风险
241,0,658,低风险
195,0,2150,低风险
293,0,185,低风险
47,0,283,低风险
848,0,332,低风险
8,0,138,低风险
45,0,83,低风险
879,0,0,低风险
329,0,3308,低风险
244,0,268,低风险
226,0,7303,低风险
854,0,0,低风险
302,0,3909,低风险
307,0,321,低风险
194,0,11593,低风险
46,0,82,低风险
295,0,526,低风险
147,1985,105,低风险
9,15,37,低风险
192,0,0,低风险
279,0,3018,低风险
0,0,0,低风险
1392,1,335,低风险
147,261,105,低风险
185,0,25618,低风险
78,0,0,低风险
222,0,1295,低风险
229,0,479,低风险
24,0,77,低风险
211,0,2156,低风险
252,4,273544,低风险
303,0,2495,低风险
220,0,1753,低风险
1109,0,0,低风险
211,0,811,低风险
44,0,81,低风险
303,0,2022,低风险
156,0,5430,低风险
1954,2,335,低风险
0,0,0,低风险
207,0,2596,低风险
1451,0,373,低风险
105,0,146,低风险
286,0,4220,低风险
227,0,349,低风险
182,0,1805,低风险
147,2115,105,低风险
2353,4,328,低风险
105,1,147,低风险
319,0,943,低风险
709,0,384,低风险
185,0,8188,低风险
43,0,70,低风险
44,0,137,低风险
10,0,37,低风险
272,0,3373,低风险
238,0,397,低风险
233,0,7355,低风险
146,0,20006,低风险
3617,1,282,低风险
48,25,42,低风险
218,0,3089,低风险
0,0,0,低风险
894,1,330,低风险
374,0,0,低风险
209,0,1965,低风险
145,0,4788,低风险
146,0,15634,低风险
244,0,5637,低风险
239,0,8317,低风险
17,0,70,低风险
326,0,12944,低风险
3572,15,329,低风险
3690,0,0,低风险
242,0,3248,低风险
212,0,253,低风险
44,0,130,低风险
180,0,175,低风险
235,0,2251,低风险
438,0,3110,低风险
323,0,608,低风险
308,0,10706,低风险
159,0,21375,低风险
291,0,762,低风险
1392,1,335,低风险
43,0,133,低风险
43,0,125,低风险
9,0,285,低风险
1809,0,325,低风险
44,0,132,低风险
309,0,3511,低风险
302,0,572,低风险
162,0,8378,低风险
206,0,1849,低风险
194,0,15965,低风险
227,0,11564,低风险
35,0,51,低风险
45,0,114,低风险
16787,0,0,低风险
45,0,84,低风险
749,0,0,低风险
331,0,6162,低风险
313,0,2698,低风险
233,0,1749,低风险
32,0,92,低风险
45,0,45,低风险
1419,0,24871,低风险
44,0,44,低风险
312,0,6107,低风险
2652,0,337,低风险
0,0,0,低风险
364,0,513,低风险
264,0,295,低风险
334,0,3751,低风险
209,202,1824,低风险
324,0,2309,低风险
316,0,293,低风险
272,0,4201,低风险
323,0,1928,低风险
0,0,0,低风险
299,0,2452,低风险
6601,0,0,低风险
43,0,43,低风险
215,0,2528,低风险
954,0,326,低风险
304,0,2785,低风险
1,0,4,低风险
52,1,1565,低风险
584,0,327,低风险
308,0,1380,低风险
205,0,10044,低风险
273,0,5189,低风险
172,0,2595,低风险
288,0,2506,低风险
282,0,8544,低风险
228,0,1112,低风险
46,0,138,低风险
181,0,12835,低风险
0,0,0,低风险
243,0,714,低风险
2873,0,330,低风险
250,0,293,低风险
12778,27,1396,低风险
218,0,1785,低风险
1681,0,375,低风险
317,0,1927,低风险
1759,1,334,低风险
46,0,135,低风险
235,0,654,低风险
385,0,361,低风险
325,0,13391,低风险
642,1,331,低风险
46,0,134,低风险
30,0,0,低风险
11935,23,1384,低风险
172,0,1138,低风险
383,0,0,低风险
314,0,1410,低风险
230,0,1380,低风险
45,0,45,低风险
0,0,0,低风险
195,0,254,低风险
293,0,25672,低风险
219,0,788,低风险
705,0,330,低风险
17086,4,340,低风险
217,0,1371,低风险
255,0,950,低风险
1342,0,331,低风险
105,0,146,低风险
43,0,125,低风险
44,0,137,低风险
197,0,7712,低风险
324,0,1668,低风险
192,0,758,低风险
344,0,5378,低风险
146,0,0,低风险
287,0,74301,低风险
7077,0,0,低风险
202,0,983,低风险
147,2269,105,低风险
0,0,0,低风险
45,0,111,低风险
158,0,26866,低风险
200,0,253,低风险
218,0,904,低风险
289,0,761,低风险
207,0,626,低风险
243,0,1012,低风险
44,0,136,低风险
198,0,3534,低风险
45,0,133,低风险
0,0,0,低风险
236,0,324,低风险
10,0,36,低风险
1009,0,327,低风险
1570,14,332,低风险
44,0,133,低风险
928,1,363,低风险
146,4280,105,低风险
252,0,8260,低风险
258,0,1012,低风险
215,0,1469,低风险
0,0,0,低风险
219,0,935,低风险
147,2639,105,低风险
216,0,16904,低风险
2261,20,332,低风险
55,7,170,低风险
225,0,702,低风险
213,0,1752,低风险
30,0,0,低风险
317,0,17733,低风险
344,0,573,低风险
305,0,759,低风险
516,0,4,低风险
308,0,1380,低风险
295,0,7412,低风险
230,0,24647,低风险
0,0,0,低风险
300,0,1400,低风险
1031,1,391,低风险
161,0,6684,低风险
46,0,81,低风险
187,0,14664,低风险
199,0,461,低风险
178,0,3118,低风险
210,0,310,低风险
104,0,0,低风险
3909,0,0,低风险
147,2775,105,低风险
46,0,46,低风险
44,0,133,低风险
36,0,101,低风险
1503,32,4152,低风险
265,0,260,低风险
46,0,143,低风险
257,0,675,低风险
143,0,9578,低风险
2704,0,281,低风险
2194620,2,0,低风险
30,0,0,低风险
30,0,0,低风险
214,0,1533,低风险
43,0,0,低风险
42,0,131,低风险
227,0,484,低风险
109,14,45,低风险
666,0,328,低风险
743,0,333,低风险
227,0,24786,低风险
105,0,145,低风险
2890,0,0,低风险
45,0,126,低风险
198,0,3487,低风险
173,0,25660,低风险
330,0,634,低风险
167,0,3370,低风险
239,0,3222,低风险
0,0,0,低风险
190,0,365,低风险
220,0,253,低风险
48,0,48,低风险
322,0,1694,低风险
295,0,2531,低风险
215,0,626,低风险
1299,6,389,低风险
884,0,0,低风险
223,0,2137,低风险
224,0,994,低风险
219,0,17540,低风险
0,0,0,低风险
44,0,44,低风险
333,0,2346,低风险
46,0,75,低风险
289,0,761,低风险
43,0,121,低风险
289,0,1719,低风险
147,5385,105,低风险
210,0,2942,低风险
748,0,0,低风险
227,0,762,低风险
0,0,0,低风险
3001,0,640,低风险
10389,0,0,低风险
322,0,258,低风险
12286,0,0,低风险
350,421,128,低风险
218,0,928,低风险
232,0,14236,低风险
226,0,519,低风险
4657,0,334,低风险
328,0,405,低风险
251,0,5199,低风险
641,0,0,低风险
222,0,3380,低风险
8812,0,372,低风险
248,0,373,低风险
147,7025,105,低风险
208,0,6428,低风险
334,0,1394,低风险
228,0,766,低风险
0,0,0,低风险
253,0,370,低风险
43,0,107,低风险
641,0,0,低风险
749,0,330,低风险
48,0,48,低风险
44,0,110,低风险
64,0,0,低风险
154,0,19175,低风险
195,0,8484,低风险
1162,0,328,低风险
1331,0,331,低风险
183,0,0,低风险
45,0,45,低风险
1647,0,336,低风险
1459,1,325,低风险
634,666,20143,低风险
42,0,42,低风险
1189,5,390,低风险
228,0,8539,低风险
46,0,46,低风险
5319,0,0,低风险
45,0,45,低风险
3468,0,0,低风险
0,0,0,低风险
1302,3,337,低风险
320,0,308,低风险
18,0,0,低风险
257,0,1650,低风险
1179,29,328,低风险
267,0,666,低风险
44,0,127,低风险
231,0,1225,低风险
0,0,0,低风险
1505,3,336,低风险
273,0,4471,低风险
1051,28,3081,低风险
2511,2,332,低风险
229,0,280,低风险
330,0,914,低风险
271,0,732,低风险
271,0,389,低风险
216,0,6329,低风险
245,0,9165,低风险
369,0,7931,低风险
190,0,29363,低风险
286,0,4673,低风险
0,0,0,低风险
314,0,2387,低风险
46,0,138,低风险
278,0,708,低风险
0,0,0,低风险
1499,35,4152,低风险
227,0,654,低风险
236,0,0,低风险
46,0,76,低风险
236,0,3222,低风险
311,0,248,低风险
246,0,692,低风险
318,0,1861,低风险
286,0,13635,低风险
217,0,6763,低风险
0,0,0,低风险
46,0,46,低风险
78,0,0,低风险
46,0,138,低风险
45,0,73,低风险
207,0,342,低风险
33,0,0,低风险
331,0,1047,低风险
146,11481,105,低风险
305,0,4978,低风险
1560,28,4152,低风险
359,0,2118,低风险
11,0,0,低风险
641,0,0,低风险
312,0,9284,低风险
311,0,488,低风险
304,0,9585,低风险
210,0,1759,低风险
30,0,0,低风险
202,0,1320,低风险
147,0,3253,低风险
1339,2,334,低风险
300,0,1444,低风险
165,0,14328,低风险
147,871,105,低风险
251,0,388,低风险
250,0,293,低风险
321,0,14779,低风险
1415,3,364,低风险
239,0,1471,低风险
289,0,4080,低风险
303,0,2495,低风险
1629,0,331,低风险
35,0,130,低风险
284,0,765,低风险
226,0,1301,低风险
305,0,726,低风险
314,0,575,低风险
331,0,1271,低风险
249,0,484,低风险
501760,0,0,低风险
207,0,5593,低风险
45,0,45,低风险
262,0,4165,低风险
220,0,9768,低风险
230,0,1606,低风险
33,0,88,低风险
105,0,146,低风险
324,0,9572,低风险
218,0,1791,低风险
68,0,0,低风险
0,0,0,低风险
208,0,2324,低风险
370,0,468,低风险
105,7,2138,低风险
0,0,0,低风险
46,0,136,低风险
0,0,0,低风险
225,0,2445,低风险
266,0,1639,低风险
1113,3,370,低风险
230,0,559,低风险
313,0,930,低风险
42,0,42,低风险
197,0,777,低风险
679,0,327,低风险
0,0,0,低风险
193,0,2969,低风险
146,1864,105,低风险
326,0,188,低风险
35,0,91,低风险
43,0,129,低风险
1052,0,284,低风险
1616,0,501,低风险
45,0,118,低风险
301,0,11689,低风险
70,0,0,低风险
0,0,0,低风险
0,0,0,低风险
276,0,10861,低风险
211,0,564,低风险
8769,0,369,低风险
299,0,392,低风险
43,0,43,低风险
217,0,312,低风险
48,0,48,低风险
302,0,561,低风险
34,0,0,低风险
323,0,3581,低风险
951,5,330,低风险
297,0,2762,低风险
30,0,0,低风险
147,1985,105,低风险
234,20,769,低风险
145,1730,105,低风险
0,0,0,低风险
34,0,34,低风险
105,0,147,低风险
1489,0,475,低风险
232,0,2042,低风险
300,0,1466,低风险
255,0,310,低风险
241,0,389,低风险
224,0,688,低风险
516,0,4,低风险
186,0,14609,低风险
45,0,72,低风险
2165,0,388,低风险
59,0,0,低风险
43,0,132,低风险
332,0,749,低风险
298,0,1609,低风险
715,0,329,低风险
233,0,2943,低风险
147,525,105,低风险
211,0,811,低风险
200,0,337,低风险
118,40,6401,低风险
327,0,270,低风险
187,0,14664,低风险
183,0,5080,低风险
340,0,414,低风险
780,50,1593580,低风险
299,0,2282,低风险
11,0,0,低风险
1085,0,331,低风险
1162,0,333,低风险
194,0,1654,低风险
370,0,837,低风险
195,0,622,低风险
260,0,11512,低风险
235,0,2523,低风险
300,0,760,低风险
45,0,77,低风险
164,0,430,低风险
232,0,1075,低风险
303,0,1783,低风险
220,0,391,低风险
44,0,137,低风险
129,0,45,低风险
187,0,21002,低风险
43,0,125,低风险
224,0,4073,低风险
298,0,356,低风险
328,0,788,低风险
147,7580,105,低风险
284,0,1410,低风险
264,0,19085,低风险
218,0,759,低风险
978,1,331,低风险
45,0,117,低风险
16115,0,0,低风险
88382,0,0,低风险
4539,0,0,低风险
209,0,2312,低风险
14052,0,0,低风险
727,0,327,低风险
292,0,1646,低风险
32,0,48,低风险
44,0,115,低风险
516,0,4,低风险
218,0,3089,低风险
251,0,173,低风险
341,0,5468,低风险
225,0,955,低风险
45,0,123,低风险
152,0,5476,低风险
216,0,1922,低风险
105,0,147,低风险
306,0,1380,低风险
193,0,12164,低风险
4263,2,365,低风险
45,0,45,低风险
146,315,105,低风险
337,0,1949,低风险
214,0,310,低风险
1183,1,332,低风险
211,0,2251,低风险
277,0,9463,低风险
30,0,0,低风险
343,0,1408,低风险
91,0,0,低风险
66,0,18,低风险
1874,0,0,低风险
196,0,16143,低风险
256,0,15968,低风险
293,0,13599,低风险
7196,0,0,低风险
33,0,0,低风险
226,0,1522,低风险
1153,0,0,低风险
333,0,864,低风险
294,0,18177,低风险
209,0,2445,低风险
59,0,0,低风险
290,0,2194,低风险
1863,1,331,低风险
193,0,767,低风险
42,0,42,低风险
12,0,226,低风险
195,0,605,低风险
900,0,337,低风险
164,0,4559,低风险
215,0,1761,低风险
2602,1,330,低风险
0,0,0,低风险
45,0,121,低风险
228,0,269,低风险
48,0,48,低风险
0,0,0,低风险
887,0,278,低风险
1543,6,325,低风险
297,0,1433,低风险
45,0,75,低风险
46,28,46,低风险
105,0,147,低风险
208,0,6530,低风险
30,0,0,低风险
248,23,774,低风险
319,0,1338,低风险
147,0,0,低风险
254,0,3497,低风险
2455,0,333,低风险
337,0,664,低风险
30,0,0,低风险
213,0,603,低风险
213,0,122,低风险
354,0,1875,低风险
309,0,306,低风险
26,0,0,低风险
889,0,367,低风险
78,0,0,低风险
216,0,1651,低风险
183,0,0,低风险
1874,0,0,低风险
316,0,1054,低风险
147,0,0,低风险
292,0,318,低风险
197,0,1259,低风险
45,0,135,低风险
266,0,7546,低风险
1369,0,333,低风险
211,0,294,低风险
359,0,2118,低风险
0,0,0,低风险
307,0,7712,低风险
224,0,5024,低风险
0,0,0,低风险
158,0,4030,低风险
1754,0,328,低风险
309,0,742,低风险
187,0,887,低风险
316,0,1382,低风险
199,0,3413,低风险
215,0,2735,低风险
247,0,2431,低风险
44,0,128,低风险
313,0,3247,低风险
2056,0,0,低风险
319,0,302,低风险
2194619,4,0,低风险
339,0,684,低风险
246,0,1600,低风险
213,0,900,低风险
200,0,3119,低风险
46,0,131,低风险
204768,0,332,低风险
4539,0,0,低风险
937,0,333,低风险
232,0,2012,低风险
279,0,494,低风险
145,0,13236,低风险
9,0,38,低风险
295,0,703,低风险
291,0,2669,低风险
46,0,127,低风险
8766,0,0,低风险
752,1,345,低风险
2143,1,328,低风险
352,0,8260,低风险
987,0,359,低风险
219,0,511,低风险
333,0,10861,低风险
246,0,346,低风险
230,0,620,低风险
305,0,1380,低风险
207,0,885,低风险
146,10340,105,低风险
43,0,132,低风险
516,0,4,低风险
234,0,1075,低风险
45,0,123,低风险
737,4,334,低风险
281,0,406,低风险
146,0,3846,低风险
865,0,453,低风险
246,0,4686,低风险
104,0,0,低风险
221,0,294,低风险
2597,6,331,低风险
227,0,20791,低风险
312,0,7764,低风险
218,0,20131,低风险
147,0,0,低风险
224,0,1998,低风险
255,3,37867,低风险
324,0,10647,低风险
637,0,0,低风险
70,0,0,低风险
41,0,73,低风险
325,0,185,低风险
46,0,146,低风险
232,0,12268,低风险
45,0,139,低风险
147,0,0,低风险
105,0,0,低风险
342,0,1555,低风险
43,0,116,低风险
241,0,658,低风险
322,0,656,低风险
234,0,1707,低风险
209,0,1093,低风险
319,0,583,低风险
0,0,0,低风险
285,0,3999,低风险
44,0,133,低风险
237,0,5939,低风险
235,0,1889,低风险
2143,0,331,低风险
216,0,710,低风险
147,0,0,低风险
203,0,481,低风险
383,0,0,低风险
2194619,2,0,低风险
321,0,2006,低风险
215,0,2288,低风险
43,0,125,低风险
1537,0,328,低风险
33,0,88,低风险
182,0,0,低风险
304,0,1762,低风险
323,0,11111,低风险
0,0,0,低风险
297,0,1442,低风险
44,0,69,低风险
0,0,0,低风险
339,0,1164,低风险
46,0,75,低风险
0,0,0,低风险
245,0,0,低风险
271,0,10462,低风险
278,0,5651,低风险
193,0,12164,低风险
49,0,285,低风险
107,0,408,低风险
232,0,5309,低风险
125,0,236,低风险
0,0,20256,低风险
252,0,8260,低风险
337,0,1535,低风险
12,0,0,低风险
0,0,0,低风险
337,0,1173,低风险
45,0,82,低风险
154,0,12990,低风险
48,0,48,低风险
295,0,2966,低风险
29,0,29,低风险
296,0,1497,低风险
44,0,44,低风险
236,0,357,低风险
213,0,7203,低风险
46,0,132,低风险
44,0,44,低风险
269,0,9317,低风险
203,0,4104,低风险
3798,0,583,低风险
223,0,1139,低风险
358,0,3781,低风险
105,0,147,低风险
292,0,23238,低风险
311,0,293,低风险
0,0,0,低风险
0,0,0,低风险
160,0,4437,低风险
1451,0,373,低风险
199,0,30328,低风险
46,0,135,低风险
284,0,657,低风险
193,0,2969,低风险
45,0,130,低风险
105,0,145,低风险
179,0,816,低风险
3843,0,333,低风险
3001,0,640,低风险
217,0,13389,低风险
210,0,1801,低风险
40,0,40,低风险
0,0,0,低风险
201,0,4364,低风险
0,0,0,低风险
641,0,0,低风险
38,3,130,低风险
851,0,479,低风险
197,0,873,低风险
37,0,0,低风险
8737,0,0,低风险
516,0,4,低风险
938,33,2720,低风险
2289,3,332,低风险
267,0,11798,低风险
211,0,1696,低风险
106,9,1423,低风险
30,0,90,低风险
59,0,0,低风险
294,0,18177,低风险
0,0,0,低风险
312,0,1592,低风险
0,0,0,低风险
163,0,19076,低风险
1038,0,330,低风险
2931,0,326,低风险
298,0,4930,低风险
217,0,13110,低风险
199,0,19835,低风险
45,0,135,低风险
268,0,4175,低风险
64,0,0,低风险
324,0,344,低风险
220,0,184,低风险
105,0,146,低风险
211,0,3712,低风险
0,0,0,低风险
0,0,0,低风险
1273,2,367,低风险
44,0,128,低风险
175337,0,0,低风险
254,0,390,低风险
105,0,146,低风险
466,0,3177,低风险
332,0,887,低风险
373,0,1575,低风险
204,0,633,低风险
39,0,39,低风险
0,0,0,低风险
105,0,147,低风险
319,0,498,低风险
334,0,382,低风险
2881,0,0,低风险
10,0,39,低风险
261,0,391,低风险
318,22,1054,低风险
313,0,55704,低风险
0,0,0,低风险
45,0,133,低风险
0,0,0,低风险
0,0,0,低风险
298,0,1241,低风险
146,2603,105,低风险
242,0,1735,低风险
338,0,392,低风险
45,0,76,低风险
309,0,2698,低风险
320,0,420,低风险
0,0,0,低风险
2381,0,326,低风险
1184,1,280,低风险
317,0,1571,低风险
45,0,67,低风险
214,0,480,低风险
1153,0,0,低风险
1483,1,363,低风险
146,4610,105,低风险
1874,0,0,低风险
212,0,882,低风险
147,8122,105,低风险
44,0,44,低风险
230,0,52465,低风险
260,0,2198,低风险
0,0,0,低风险
0,0,0,低风险
236,0,15777,低风险
314,0,2527,低风险
226,0,1195,低风险
278,0,1761,低风险
199,0,530,低风险
10073,0,0,低风险
44,0,44,低风险
46,0,129,低风险
286,0,1425,低风险
46,0,75,低风险
346,0,1943,低风险
2096,0,421,低风险
289,0,174,低风险
46,0,46,低风险
196,0,857,低风险
202,0,1352,低风险
196,0,5670,低风险
211,0,2251,低风险
200,0,468,低风险
6,10,139,低风险
46,0,135,低风险
215,0,1761,低风险
145,0,532,低风险
45,0,148,低风险
1759,1,334,低风险
147,3735,105,低风险
232,0,64983,低风险
250,0,8467,低风险
224,0,1636,低风险
8,0,222,低风险
12,0,0,低风险
210,0,955,低风险
208,0,524,低风险
9311,0,0,低风险
379,0,1669,低风险
179,103,24566,低风险
339,0,1164,低风险
326,0,1639,低风险
182,0,886,低风险
42,0,42,低风险
254,0,732,低风险
1293,9,325,低风险
0,0,4,低风险
229,0,855,低风险
221,0,14561,低风险
201,0,2435,低风险
337,0,1493,低风险
234,0,685,低风险
258,0,11758,低风险
206,0,1286,低风险
224,0,1546,低风险
315,0,599,低风险
213,0,1713,低风险
147,465,105,低风险
45,0,45,低风险
1378,0,0,低风险
2194619,2,0,低风险
303,0,2239,低风险
346,0,570,低风险
44,0,115,低风险
317,0,2186,低风险
293,0,296,低风险
771,0,374,低风险
298,0,947,低风险
147,2708,105,低风险
10,0,139,低风险
327,0,270,低风险
297,0,324,低风险
1038,0,332,低风险
176,0,925,低风险
316,0,505,低风险
282,0,3200,低风险
192,0,950,低风险
36,0,0,低风险
0,0,0,低风险
44,0,69,低风险
333,0,1326,低风险
333,0,5369,低风险
858,6552,5503,低风险
641,0,0,低风险
64,0,0,低风险
46,0,46,低风险
325,0,3636,低风险
4189,0,0,低风险
296,0,1484,低风险
45,0,135,低风险
105,0,145,低风险
286,0,20424,低风险
251,0,13491,低风险
304,0,11472,低风险
1363,0,0,低风险
30,0,0,低风险
374,0,267,低风险
162,0,8378,低风险
147,3049,105,低风险
3775,0,0,低风险
249,0,484,低风险
306,0,1380,低风险
231,0,2842,低风险
30,0,0,低风险
202,0,1923,低风险
45,0,45,低风险
678,0,478,低风险
308,0,5166,低风险
225,0,16193,低风险
275,0,833,低风险
320,0,4760,低风险
364,0,513,低风险
222,0,539,低风险
218,0,683,低风险
186,0,8658,低风险
0,0,0,低风险
241,0,443,低风险
221,0,1408,低风险
146,7070,105,低风险
46,0,128,低风险
301,0,310,低风险
277,0,308,低风险
1930,0,279,低风险
516,0,4,低风险
252,0,1133,低风险
105,0,147,低风险
333,0,492,低风险
280,0,912,低风险
311,0,293,低风险
276,0,0,低风险
314,0,1614,低风险
261,0,240,低风险
7665876,2289,1281000,低风险
190,0,29363,低风险
350,0,280,低风险
105,0,147,低风险
287,0,1432,低风险
59,0,0,低风险
105,0,147,低风险
235,0,2523,低风险
226,0,2663,低风险
44,0,133,低风险
4539,0,0,低风险
185,0,383,低风险
43,0,146,低风险
3270,0,332,低风险
491,0,0,低风险
354,0,2085,低风险
204,0,377,低风险
641,0,0,低风险
246,0,692,低风险
978,1,334,低风险
201,0,19572,低风险
0,0,0,低风险
1436,0,433,低风险
0,0,0,低风险
219,0,1407,低风险
1156,1,521,低风险
44,0,133,低风险
0,0,0,低风险
323,0,3581,低风险
134,0,44,低风险
279,0,255,低风险
88,0,0,低风险
1403,1,337,低风险
291,0,574,低风险
251,14608,38322,低风险
32,0,0,低风险
265,0,2862,低风险
2194619,2,0,低风险
265,0,309,低风险
105,0,147,低风险
10,0,37,低风险
296,0,554,低风险
217,0,790,低风险
312,0,882,低风险
979,0,329,低风险
219,0,608,低风险
637,0,0,低风险
44,0,44,低风险
298,0,356,低风险
238,0,646,低风险
320,0,520,低风险
318,0,1342,低风险
43,0,74,低风险
213,0,1400,低风险
46,0,86,低风险
12286,0,0,低风险
220,0,1158,低风险
321,0,14779,低风险
312,0,16060,低风险
1139,2,331,低风险
95,19,42,低风险
192,0,248,低风险
278,0,7227,低风险
7,0,363,低风险
209,0,2071,低风险
984,0,337,低风险
1171,1,332,低风险
43,0,129,低风险
334,0,15650,低风险
210,0,9076,低风险
44,0,127,低风险
236,0,819,低风险
355,0,2761,低风险
146,2586,105,低风险
264,0,2825,低风险
342,0,453,低风险
292,0,246,低风险
43,0,79,低风险
348,0,2280,低风险
188,136,38126,低风险
1323,0,332,低风险
5891,0,0,低风险
44,0,118,低风险
35,0,95,低风险
296,0,1484,低风险
0,0,4,低风险
193,0,28696,低风险
284,0,9847,低风险
11,0,0,低风险
9,0,141,低风险
410,0,6726,低风险
0,0,0,低风险
196,0,16143,低风险
298,0,784,低风险
334,318,281,低风险
1340,1,364,低风险
3057,1,343,低风险
14052,0,0,低风险
146,0,0,低风险
4170,0,329,低风险
229,0,900,低风险
339,0,684,低风险
2146,1,332,低风险
30,0,0,低风险
216,0,655,低风险
1191,0,3023,低风险
259,0,295,低风险
164,0,9785,低风险
641,0,0,低风险
46,0,139,低风险
278,0,7958,低风险
1179,29,328,低风险
45,0,132,低风险
965,0,0,低风险
245,0,188,低风险
253,0,1487,低风险
327,0,1817,低风险
0,0,0,低风险
308,0,553,低风险
1473,27,4152,低风险
567,0,0,低风险
207,0,1588,低风险
372,0,415,低风险
48,45,45,低风险
227,0,9703,低风险
154,0,12990,低风险
306,0,1380,低风险
194,0,679,低风险
301,0,392,低风险
516,0,4,低风险
105,14,145,低风险
2672,58,325,低风险
159,0,21375,低风险
237,0,3355,低风险
0,0,0,低风险
313,0,25519,低风险
1496,35,4152,低风险
0,0,0,低风险
342,0,12009,低风险
285,0,619,低风险
207,0,3090,低风险
319,0,4143,低风险
226,0,1787,低风险
300,0,1380,低风险
338,0,664,低风险
157,0,607,低风险
216,0,720,低风险
288,0,421,低风险
303,0,555,低风险
199,0,10449,低风险
213,0,4663,低风险
3468,0,0,低风险
210,0,2446,低风险
203,0,1745,低风险
231,0,2239,低风险
235,0,439,低风险
236,0,7610,低风险
344,0,1247,低风险
150,0,6818,低风险
332,0,29468,低风险
282,0,8544,低风险
43,0,76,低风险
200,0,267,低风险
254,0,943,低风险
46,0,143,低风险
207,0,342,低风险
0,0,0,低风险
211,0,24786,低风险
157,0,3990,低风险
2645,0,332,低风险
9,0,0,低风险
1191,0,3023,低风险
44,0,115,低风险
42,0,70,低风险
311,0,2271,低风险
2039,10,335,低风险
175337,0,0,低风险
1358,0,329,低风险
9178,0,0,低风险
105,0,146,低风险
298,0,2809,低风险
201,0,1464,低风险
337,0,255,低风险
193,0,12164,低风险
213,0,3125,低风险
46,0,144,低风险
210,0,1117,低风险
281,0,17449,低风险
146,3487,105,低风险
339,0,1164,低风险
42,0,42,低风险
194,0,6396,低风险
1266,5,330,低风险
45,0,140,低风险
45,0,135,低风险
300,0,760,低风险
46,0,136,低风险
289,0,1080,低风险
252,0,1628,低风险
217,0,821,低风险
188,0,1291,低风险
224,0,4414,低风险
147,12202,105,低风险
30,0,0,低风险
349,0,1719,低风险
44,0,69,低风险
248,0,1374,低风险
1553,1,329,低风险
45,0,115,低风险
748,0,0,低风险
59,0,0,低风险
44,0,133,低风险
190,0,244,低风险
0,0,0,低风险
237,0,11283,低风险
210,0,1425,低风险
343,0,520,低风险
2225,1,364,低风险
328,81,189,低风险
45,0,110,低风险
2297,0,336,低风险
2302,0,332,低风险
342,0,453,低风险
338,24,1054,低风险
30,0,0,低风险
874,1,333,低风险
1258,2,359,低风险
268,0,2238,低风险
203,0,1560,低风险
2194619,2,0,低风险
288,0,2881,低风险
203,0,56215,低风险
295,23,903,低风险
299,0,181,低风险
1690,0,0,低风险
42,0,42,低风险
43,0,73,低风险
181,0,0,低风险
147,0,147,低风险
226,0,2431,低风险
330,0,4793,低风险
325,0,1724,低风险
342,0,253,低风险
78,0,0,低风险
321,0,3683,低风险
308,0,4504,低风险
214,0,3011,低风险
234,0,5280,低风险
336,0,2710,低风险
2881,0,0,低风险
296,0,1511,低风险
0,0,0,低风险
240,0,308,低风险
319,0,3432,低风险
43,0,126,低风险
748,0,0,低风险
1970,0,401,低风险
306,0,541,低风险
45,0,121,低风险
44,0,76,低风险
634,666,20143,低风险
380,0,1398,低风险
45,0,135,低风险
213,0,188,低风险
46,0,46,低风险
145,8220,105,低风险
359,0,2282,低风险
105,0,0,低风险
207,0,3018,低风险
44,0,137,低风险
250,0,2577,低风险
167,0,709,低风险
0,0,0,低风险
289,0,1080,低风险
224,0,4835,低风险
235,0,1075,低风险
626,0,388,低风险
43,0,107,低风险
102,0,102,低风险
358,0,1640,低风险
216,0,7103,低风险
240,0,2698,低风险
2194619,3,0,低风险
328,0,788,低风险
192,0,950,低风险
896,0,333,低风险
302,0,2550,低风险
319,0,4509,低风险
300,0,1466,低风险
223,0,482,低风险
44,0,44,低风险
202,0,1032,低风险
210,0,3754,低风险
288,0,555,低风险
0,0,0,低风险
12286,0,0,低风险
147,0,0,低风险
220,0,190,低风险
1898,5,364,低风险
0,0,0,低风险
45,0,132,低风险
0,0,0,低风险
369,0,4154,低风险
991,28,3081,低风险
297,0,1442,低风险
0,0,0,低风险
383,0,0,低风险
0,0,0,低风险
2063,20,334,低风险
1220,27,3380,低风险
320,0,308,低风险
189,0,9345,低风险
290,0,2747,低风险
143,0,9598,低风险
239,0,655,低风险
295,0,465,低风险
299,0,3162,低风险
313,0,14073,低风险
48,0,483,低风险
1447,6,328,低风险
278,0,5651,低风险
216,0,6979,低风险
42,0,75,低风险
172,0,0,低风险
31,0,0,低风险
302,0,2943,低风险
861,0,326,低风险
0,0,0,低风险
46,0,46,低风险
45,0,166,低风险
1470,0,0,低风险
30,0,0,低风险
0,0,0,低风险
0,0,0,低风险
296,0,11753,低风险
241,0,807,低风险
12,0,0,低风险
46,0,132,低风险
0,0,0,低风险
307,0,1354,低风险
7196,0,0,低风险
147,0,0,低风险
359,0,1960,低风险
1153,0,335,低风险
76,0,45,低风险
36,0,0,低风险
39,0,99,低风险
5319,0,0,低风险
329,0,3982,低风险
44,0,72,低风险
2844,1,367,低风险
288,0,401,低风险
415,0,704,低风险
45,0,45,低风险
333,0,5726,低风险
44,0,128,低风险
44,0,133,低风险
223,0,4739,低风险
300,0,1075,低风险
280,0,12913,低风险
333,0,2547,低风险
241,0,1035,低风险
43,0,43,低风险
46,0,127,低风险
347,0,298,低风险
1161,1,329,低风险
240,0,1475,低风险
2524,0,332,低风险
229,0,770,低风险
4892,0,0,低风险
212,0,2739,低风险
46,0,138,低风险
212,0,2809,低风险
44,0,44,低风险
245,0,0,低风险
45,0,123,低风险
1154,0,370,低风险
216,0,280,低风险
331,0,868,低风险
299,0,1107,低风险
235,0,1840,低风险
954,13,328,低风险
66,0,18,低风险
228,0,990,低风险
3446,0,328,低风险
203,0,983,低风险
44,0,76,低风险
1024,0,331,低风险
516,0,4,低风险
367,0,3200,低风险
221,0,398,低风险
1384,1,362,低风险
228,0,1305,低风险
277,0,1925,低风险
308,0,774,低风险
231,0,1225,低风险
30,0,0,低风险
257,0,1065,低风险
334,0,2783,低风险
105,0,145,低风险
4539,0,0,低风险
249,0,976,低风险
1524,27,4152,低风险
241,0,429,低风险
204,0,2494,低风险
1133,0,329,低风险
193,0,2833,低风险
234,0,7203,低风险
2612,0,331,低风险
306,0,1104,低风险
363,0,492,低风险
208,0,1204,低风险
1458,29,4152,低风险
229,0,2090,低风险
1214,0,0,低风险
31,0,0,低风险
1686,9,488,低风险
180,0,2401,低风险
45,0,147,低风险
213,0,13357,低风险
787,0,332,低风险
855,28,2586,低风险
48,0,48,低风险
255,0,1249,低风险
242,0,971,低风险
283,0,170,低风险
227,0,484,低风险
195,0,1042,低风险
331,0,3541,低风险
35,0,130,低风险
250,0,1832,低风险
147,1464,105,低风险
167,0,657,低风险
0,5042,5129964,低风险
234,0,193,低风险
235,0,654,低风险
215,0,2288,低风险
71,0,0,低风险
306,0,560,低风险
247,0,2431,低风险
45,0,140,低风险
196,0,3282,低风险
34,0,0,低风险
334,0,1694,低风险
313,0,1292,低风险
147,1990,105,低风险
0,0,0,低风险
46,0,46,低风险
309,0,390,低风险
36,0,0,低风险
105,0,145,低风险
45,0,72,低风险
42,0,73,低风险
43,0,135,低风险
5167,17833,65909,低风险
241,0,1556,低风险
198,0,810,低风险
287,0,2537,低风险
335,0,580,低风险
218,0,302,低风险
247,0,1910,低风险
45,0,70,低风险
244,0,7207,低风险
215,0,288,低风险
281,0,1745,低风险
853,0,278,低风险
195,0,319,低风险
212,0,882,低风险
105,0,145,低风险
231,0,2507,低风险
315,0,347,低风险
0,0,0,低风险
302,0,18308,低风险
334,0,743,低风险
301,0,1075,低风险
275,0,313,低风险
219,0,3846,低风险
200,0,267,低风险
1136,0,340,低风险
78,0,0,低风险
42,0,132,低风险
288,0,1279,低风险
44,0,44,低风险
991,13,330,低风险
218,0,281,低风险
181,0,0,低风险
172,0,2595,低风险
223,0,347,低风险
0,0,0,低风险
316,0,473,低风险
1511,27,4152,低风险
205,232,6096,低风险
3346,1,374,低风险
190,0,1227,低风险
256,0,15968,低风险
273,0,5189,低风险
307,0,5669,低风险
330,0,2445,低风险
43,0,43,低风险
1714,1,376,低风险
3775,0,0,低风险
310,0,3222,低风险
2194,0,337,低风险
1194,0,391,低风险
143,0,9598,低风险
46,0,72,低风险
0,0,0,低风险
12165,0,0,低风险
247,0,9324,低风险
185,0,7129,低风险
46,0,75,低风险
105,0,146,低风险
2099,0,368,低风险
334,0,280,低风险
667,0,332,低风险
525,8,335,低风险
1065,0,328,低风险
44,0,71,低风险
1052,0,284,低风险
486700,667,231624,低风险
43,0,74,低风险
313,0,406,低风险
235,0,128,低风险
160,0,10210,低风险
238,21,772,低风险
210,0,6746,低风险
42,0,125,低风险
352,0,13356,低风险
122,1,232,低风险
260,0,301,低风险
147,210,105,低风险
358,0,11355,低风险
1020,0,333,低风险
220,0,695,低风险
199,0,19271,低风险
300,0,891,低风险
992,15,329,低风险
299,0,2282,低风险
250,0,1832,低风险
202,0,421,低风险
326,0,276,低风险
309,0,752,低风险
249,0,484,低风险
45,0,81,低风险
339,0,11763,低风险
71,0,0,低风险
45,0,115,低风险
2194619,3,0,低风险
45,0,126,低风险
212,0,2809,低风险
212,0,5723,低风险
315,0,347,低风险
218,0,390,低风险
2061,1,335,低风险
78,0,0,低风险
339,0,454,低风险
2540,5,323,低风险
1436,0,433,低风险
197,0,4966,低风险
879,0,0,低风险
43,0,129,低风险
247,0,2431,低风险
44,0,140,低风险
306,0,376,低风险
710,0,328,低风险
325,0,2794,低风险
268,0,2238,低风险
258,0,9595,低风险
145,0,0,低风险
221,0,294,低风险
0,0,0,低风险
313,0,8110,低风险
6,0,147,低风险
2092,0,336,低风险
73,0,44,低风险
301,0,310,低风险
105,0,0,低风险
373,0,0,低风险
46,0,130,低风险
192,0,4977,低风险
327,0,5220,低风险
338,0,11271,低风险
207,0,296,低风险
516,0,4,低风险
46,0,75,低风险
250,0,2647,低风险
237,0,4428,低风险
2194619,2,0,低风险
256,0,2381,低风险
0,0,0,低风险
43,0,132,低风险
189,0,314,低风险
200,0,8585,低风险
1086,0,334,低风险
336,0,1294,低风险
3946,3,332,低风险
0,0,0,低风险
0,0,0,低风险
13,0,144,低风险
105,0,145,低风险
6,10,139,低风险
221,0,1481,低风险
113,0,0,低风险
195,0,5760,低风险
227,0,1317,低风险
283,0,255,低风险
312,0,284,低风险
147,5682,105,低风险
42,0,42,低风险
274,0,2592,低风险
211,0,1719,低风险
0,0,0,低风险
1206,27,3380,低风险
46,0,132,低风险
43,0,69,低风险
227,0,853,低风险
303,0,1380,低风险
328,0,16319,低风险
298,0,2239,低风险
215,0,1080,低风险
44,0,131,低风险
36,0,101,低风险
36,0,101,低风险
234,0,1244,低风险
12,0,0,低风险
373,0,3040,低风险
227,0,2047,低风险
295,0,559,低风险
44,0,75,低风险
258,0,1747,低风险
306,0,1248,低风险
29954,0,0,低风险
105,1,146,低风险
854,0,0,低风险
30,0,0,低风险
44,0,129,低风险
105,1,147,低风险
320,0,2674,低风险
42,0,126,低风险
201,0,468,低风险
276,0,296,低风险
2010,3,334,低风险
213,0,3938,低风险
0,0,0,低风险
307,0,863,低风险
369,0,4154,低风险
60814,0,387,低风险
758,1,332,低风险
323,0,1680,低风险
112,0,46,低风险
237,63,406,低风险
209,0,2445,低风险
232,0,347,低风险
302,0,1380,低风险
219,0,1042,低风险
851,0,479,低风险
317,0,15675,低风险
879,0,0,低风险
1723,0,330,低风险
303,78,185,低风险
347,0,1366,低风险
308,0,769,低风险
307,0,885,低风险
185,0,7225,低风险
2491,3,366,低风险
335,0,2370,低风险
235,0,2710,低风险
213,0,2713,低风险
0,0,0,低风险
44,0,44,低风险
1721,0,387,低风险
252,151,238,低风险
45,0,82,低风险
49,0,115,低风险
314,0,2055,低风险
42,0,72,低风险
30,0,0,低风险
57,1,170,低风险
0,0,0,低风险
276,0,0,低风险
30,0,0,低风险
237,0,10432,低风险
175,0,1856,低风险
44,0,44,低风险
237,0,18604,低风险
44,0,78,低风险
44,0,44,低风险
637,0,329,低风险
284,0,292,低风险
221,0,8440,低风险
45,0,133,低风险
245,0,0,低风险
208,297,1820,低风险
44,0,115,低风险
244,0,7848,低风险
339,0,19790,低风险
156,0,307,低风险
1353,0,330,低风险
242,0,13292,低风险
0,0,0,低风险
42,0,42,低风险
226,0,702,低风险
308,0,1899,低风险
292,0,3543,低风险
233,0,1075,低风险
317,0,24716,低风险
182,0,0,低风险
1504,0,338,低风险
284,0,681,低风险
213,0,900,低风险
285,0,281,低风险
45,0,45,低风险
308,0,579,低风险
247,0,1656,低风险
320,0,2367,低风险
300,0,1466,低风险
304,0,2013,低风险
43,0,111,低风险
46,0,46,低风险
194,0,1366,低风险
43,0,70,低风险
145,13335,105,低风险
293,0,491,低风险
286,0,1368,低风险
63,0,0,低风险
192,0,0,低风险
11895,5,1359,低风险
222,0,1483,低风险
147,0,0,低风险
4539,0,0,低风险
219,0,283,低风险
323,0,1651,低风险
182,0,0,低风险
36,0,101,低风险
260,0,1160,低风险
233,0,636,低风险
240,0,885,低风险
226,0,2006,低风险
0,0,0,低风险
218,0,923,低风险
44,0,128,低风险
352,0,376,低风险
7,2,136,低风险
2462,4,332,低风险
126,0,243,低风险
307,0,635,低风险
2522,0,326,低风险
354,0,1875,低风险
7767,0,0,低风险
1180,1,335,低风险
305,0,0,低风险
233,0,636,低风险
146,2532,105,低风险
316,0,1054,低风险
321,0,22780,低风险
30,0,0,低风险
337,0,578,低风险
327,0,1469,低风险
3007,5,334,低风险
227,0,23473,低风险
319,0,1338,低风险
1599,0,330,低风险
253,0,2099,低风险
284,0,5989,低风险
339,0,2431,低风险
218,0,974,低风险
251,0,352,低风险
44,0,44,低风险
328,0,3200,低风险
30,0,0,低风险
265,0,8646,低风险
105,0,145,低风险
293,0,2325,低风险
243,0,2006,低风险
214,0,1651,低风险
1723,0,334,低风险
334,0,2280,低风险
218,0,36749,低风险
45,0,135,低风险
0,0,0,低风险
0,0,0,低风险
204,0,2674,低风险
223,0,866,低风险
6,0,147,低风险
293,0,1875,低风险
295,0,2649,低风险
210,0,284,低风险
288,0,337,低风险
211,0,362,低风险
1381,7,340,低风险
147,2005,105,低风险
0,0,0,低风险
129,0,45,低风险
318,0,8230,低风险
243,0,1322,低风险
283,0,29165,低风险
212,0,1448,低风险
213,0,310,低风险
930,0,333,低风险
376,0,4675,低风险
7321,0,0,低风险
303,0,3629,低风险
30,0,0,低风险
105,0,105,低风险
236,0,2033,低风险
1224,0,328,低风险
342,0,253,低风险
705,0,330,低风险
211,0,480,低风险
231,0,1187,低风险
1577,0,330,低风险
212,0,383,低风险
299,0,1719,低风险
306,0,5080,低风险
1289,0,391,低风险
35,0,91,低风险
130,0,44,低风险
35,0,51,低风险
332,0,405,低风险
361,0,370,低风险
854,0,328,低风险
210,0,1295,低风险
516,0,4,低风险
328,81,189,低风险
45,0,77,低风险
137,81,4101,低风险
252,0,8260,低风险
44,0,136,低风险
262,0,6604,低风险
44,0,115,低风险
46,0,127,低风险
308,0,7003,低风险
71,0,0,低风险
567,0,0,低风险
215,0,2664,低风险
43,0,43,低风险
288,0,392,低风险
304,0,651,低风险
147,9725,105,低风险
260,0,1160,低风险
301,0,480,低风险
960,0,0,低风险
224,0,1551,低风险
42,0,73,低风险
337,0,1158,低风险
237,0,302,低风险
19,0,0,低风险
895,0,328,低风险
312,0,296,低风险
244,0,1215,低风险
214,0,4115,低风险
803,0,389,低风险
285,0,6356,低风险
209,0,1965,低风险
228,0,596,低风险
42,0,42,低风险
246,27,772,低风险
222,0,314,低风险
0,0,0,低风险
8737,0,0,低风险
326,0,1672,低风险
256,0,398,低风险
297,0,526,低风险
45,0,135,低风险
383,0,0,低风险
178,0,368,低风险
748,0,0,低风险
195,0,1993,低风险
1116,4,333,低风险
228,0,328,低风险
206,0,49083,低风险
1466,102,4152,低风险
343,0,520,低风险
236,0,324,低风险
199,0,986,低风险
145,1609,105,低风险
227,0,2047,低风险
43,0,43,低风险
352,0,13336,低风险
241,0,429,低风险
301,0,310,低风险
224,0,1998,低风险
235,0,1211,低风险
0,0,0,低风险
255,0,310,低风险
0,0,0,低风险
331,0,1397,低风险
1163,0,489,低风险
337,0,578,低风险
210,0,1659,低风险
711,0,336,低风险
9,0,0,低风险
16787,0,0,低风险
44,0,77,低风险
222,0,717,低风险
293,0,1257,低风险
40494,0,0,低风险
147,0,0,低风险
45,0,134,低风险
0,0,0,低风险
256,0,2052,低风险
288,0,475,低风险
0,0,0,低风险
704,27,2070,低风险
0,0,0,低风险
327,0,4058,低风险
45,0,45,低风险
219,0,841,低风险
250,0,2196,低风险
1453,31,4152,低风险
851,1,334,低风险
137,81,4101,低风险
147,2140,105,低风险
213,0,296,低风险
46,0,71,低风险
344,0,7333,低风险
294,0,478,低风险
42,0,42,低风险
0,0,0,低风险
213,0,1053,低风险
294,0,220,低风险
221,0,6480,低风险
46,0,46,低风险
186,0,256,低风险
1386,1,328,低风险
30,0,0,低风险
105,0,147,低风险
749,0,0,低风险
198,0,810,低风险
5319,0,0,低风险
205,0,1651,低风险
296,0,1511,低风险
214,0,22841,低风险
0,0,0,高风险
0,0,0,高风险
0,0,0,高风险
1,0,0,高风险
0,0,0,高风险
1032,0,0,中风险
0,0,0,高风险
0,0,0,高风险
0,0,0,高风险
8,0,0,中风险
1,26983,0,高风险
0,0,0,高风险
334,0,0,高风险
0,0,0,高风险
0,0,0,高风险
1032,0,0,中风险
0,0,0,高风险
0,0,0,高风险
334,0,0,高风险
0,0,0,高风险
0,0,0,高风险
0,0,0,高风险
18,0,0,中风险
0,0,0,高风险
0,0,0,高风险
0,0,0,高风险
8,0,0,中风险
0,0,0,高风险
54540,0,8314,高风险
0,0,0,高风险
0,0,0,高风险
0,0,0,高风险
8,0,0,中风险
1032,0,0,中风险
0,0,0,高风险
0,0,0,高风险
0,0,0,高风险
0,0,0,高风险
0,0,0,高风险
0,0,0,高风险
0,0,0,高风险
0,0,0,高风险
8,0,0,中风险
0,0,0,高风险
1,37728,0,高风险
0,0,0,高风险
0,0,0,高风险
1032,0,0,中风险
0,0,0,高风险
0,0,0,高风险
8,0,0,中风险
0,0,0,高风险
0,0,0,高风险
0,0,0,高风险
0,0,0,高风险
8,0,0,中风险
0,0,0,高风险
0,0,0,高风险
0,0,0,高风险
0,0,0,高风险
0,0,0,高风险
0,0,0,高风险
334,0,0,高风险
54540,0,8314,高风险
0,0,0,高风险
0,0,0,高风险
1,0,0,高风险
0,0,0,高风险
0,0,0,高风险
0,0,0,高风险
0,0,0,高风险
0,0,0,高风险
0,0,0,高风险
0,0,0,高风险
0,0,0,高风险
0,0,0,高风险
0,0,0,高风险
0,0,0,高风险
334,0,0,高风险
0,0,0,高风险
0,0,0,高风险
1032,0,0,中风险
24252,0,7300,高风险
0,0,0,高风险
0,0,0,高风险
0,0,0,高风险
334,0,0,高风险
0,0,0,高风险
28,0,0,高风险
0,0,0,高风险
0,0,0,高风险
0,0,0,高风险
0,0,0,高风险
0,0,0,高风险
0,0,0,高风险
0,0,0,高风险
8,0,0,中风险
0,0,0,高风险
0,0,0,高风险
0,0,0,高风险
0,0,0,高风险
0,0,0,高风险
0,0,0,高风险
0,0,0,高风险
0,0,0,高风险
0,0,0,高风险
0,0,0,高风险
8,0,0,中风险
8,0,0,中风险
0,0,0,高风险
0,0,0,高风险
8,0,0,中风险
0,0,0,高风险
0,0,0,高风险
0,0,0,高风险
0,0,0,高风险
0,0,0,高风险
54540,0,8314,高风险
0,0,0,高风险
0,0,0,高风险
0,0,0,高风险
0,0,0,高风险
0,0,0,高风险
0,0,0,高风险
0,0,0,高风险
0,0,0,高风险
0,0,0,高风险
0,0,0,高风险
1,0,0,高风险
0,0,0,高风险
0,0,0,高风险
0,0,0,高风险
0,0,0,高风险
1559,179,2855,高风险
0,0,0,高风险
0,0,0,高风险
18,0,0,中风险
0,0,0,高风险
0,0,0,高风险
0,0,0,高风险
0,0,0,高风险
0,0,0,高风险
0,0,0,高风险
0,0,0,高风险
0,0,0,高风险
0,0,0,高风险
0,0,0,高风险
0,0,0,高风险
8,0,0,中风险
1,0,0,高风险
0,0,0,高风险
0,0,0,高风险
1032,0,0,中风险
0,0,0,高风险
0,0,0,高风险
0,0,0,高风险
0,0,0,高风险
28,0,0,高风险
0,0,0,高风险
0,0,0,高风险
0,3,0,高风险
0,0,0,高风险
0,0,0,高风险
0,0,0,高风险
0,0,0,高风险
0,0,0,高风险
0,0,0,高风险
0,0,0,高风险
0,0,0,高风险
0,0,0,高风险
0,0,0,高风险
0,0,0,高风险
8,0,0,中风险
0,0,0,高风险
0,0,0,高风险
0,0,0,高风险
0,0,0,高风险
0,0,0,高风险
1,0,0,高风险
0,0,0,高风险
0,0,0,高风险
0,0,0,高风险
0,0,0,高风险
0,0,0,高风险
0,0,0,高风险
0,0,0,高风险
0,0,0,高风险
0,0,0,高风险
0,0,0,高风险
0,0,0,高风险
0,0,0,高风险
0,0,0,高风险
0,0,0,高风险
0,0,0,高风险
0,0,0,高风险
334,0,0,高风险
0,0,0,高风险
0,0,0,高风险
0,0,0,高风险
0,0,0,高风险
0,0,0,高风险
0,0,0,高风险
0,0,0,高风险
1480,0,0,中风险
0,0,0,高风险
1218,2,2447,高风险
0,0,0,高风险
0,0,0,高风险
0,0,0,高风险
0,0,0,高风险
0,0,0,高风险
0,0,0,高风险
54540,0,8314,高风险
0,0,0,高风险
0,0,0,高风险
0,0,0,高风险
1,13678,0,高风险
0,0,0,高风险
0,0,0,高风险
0,0,0,高风险
0,0,0,高风险
0,0,0,高风险
0,0,0,高风险
0,0,0,高风险
0,0,0,高风险
520,0,0,中风险
0,0,0,高风险
8,0,0,中风险
520,0,0,中风险
0,0,0,高风险
0,0,0,高风险
0,0,0,高风险
0,0,0,高风险
0,0,0,高风险
0,0,0,高风险
1032,0,0,中风险
0,0,0,高风险
0,0,0,高风险
0,0,0,高风险
1,0,0,高风险
8,0,0,中风险
0,0,0,高风险
0,0,0,高风险
0,0,0,高风险
0,0,0,高风险
0,0,0,高风险
0,0,0,高风险
0,0,0,高风险
0,0,0,高风险
0,0,0,高风险
0,0,0,高风险
0,0,0,高风险
0,0,0,高风险
0,0,0,高风险
0,0,0,高风险
0,0,0,高风险
0,0,0,高风险
0,0,0,高风险
0,0,0,高风险
0,0,0,高风险
0,0,0,高风险
0,0,0,高风险
0,0,0,高风险
0,0,0,高风险
0,0,0,高风险
0,0,0,高风险
1,0,0,高风险
0,0,0,高风险
0,0,0,高风险
0,0,0,高风险
0,0,0,高风险
0,0,0,高风险
0,0,0,高风险
0,0,0,高风险
0,0,0,高风险
0,0,0,高风险
0,0,0,高风险
0,0,0,高风险
0,0,0,高风险
0,0,0,高风险
0,0,0,高风险
0,0,0,高风险
8,0,0,中风险
0,0,0,高风险
0,0,0,高风险
0,0,0,高风险
0,0,0,高风险
334,0,0,高风险
0,0,0,高风险
0,0,0,高风险
1480,0,0,中风险
0,0,0,高风险
0,0,0,高风险
0,0,0,高风险
30,0,0,高风险
54540,0,8314,高风险
0,0,0,高风险
1480,0,0,中风险
8,0,0,中风险
0,0,0,高风险
0,0,0,高风险
1,16513,0,高风险
0,0,0,高风险
0,0,0,高风险
0,0,0,高风险
28,0,0,高风险
0,0,0,高风险
0,0,0,高风险
0,0,0,高风险
0,0,0,高风险
0,0,0,高风险
0,0,0,高风险
0,0,0,高风险
0,0,0,高风险
0,0,0,高风险
0,0,0,高风险
8,0,0,中风险
28,0,0,高风险
30,0,0,高风险
0,0,0,高风险
0,0,0,高风险
0,0,0,高风险
0,0,0,高风险
8,0,0,中风险
0,0,0,高风险
0,0,0,高风险
0,0,0,高风险
0,0,0,高风险
0,0,0,高风险
0,0,0,高风险
0,0,0,高风险
520,0,0,中风险
0,0,0,高风险
0,0,0,高风险
0,0,0,高风险
0,0,0,高风险
1232,4,2449,高风险
0,0,0,高风险
0,1,0,高风险
0,0,0,高风险
520,0,0,中风险
0,0,0,高风险
0,3,0,高风险
0,0,0,高风险
18,0,0,中风险
28,0,0,高风险
0,0,0,高风险
0,0,0,高风险
0,0,0,高风险
334,0,0,高风险
0,0,0,高风险
0,0,0,高风险
0,0,0,高风险
0,0,0,高风险
8,0,0,中风险
0,0,0,高风险
0,0,0,高风险
0,0,0,高风险
0,0,0,高风险
0,0,0,高风险
0,0,0,高风险
0,0,0,高风险
0,0,0,高风险
0,0,0,高风险
1,4721,0,高风险
0,0,0,高风险
0,0,0,高风险
0,0,0,高风险
0,0,0,高风险
0,0,0,高风险
0,0,0,高风险
8,0,0,中风险
0,0,0,高风险
0,0,0,高风险
0,0,0,高风险
0,0,0,高风险
0,0,0,高风险
0,0,0,高风险
0,0,0,高风险
0,0,0,高风险
0,0,0,高风险
0,0,0,高风险
0,0,0,高风险
0,0,0,高风险
0,0,0,高风险
0,0,0,高风险
0,0,0,高风险
8,0,0,中风险
0,0,0,高风险
0,0,0,高风险
0,0,0,高风险
0,0,0,高风险
0,0,0,高风险
0,0,0,高风险
0,0,0,高风险
0,0,0,高风险
8,0,0,中风险
100,0,0,高风险
0,0,0,高风险
0,0,0,高风险
0,0,0,高风险
0,0,0,高风险
520,0,0,中风险
0,0,0,高风险
8,0,0,中风险
8,0,0,中风险
0,0,0,高风险
1032,0,0,中风险
1032,0,0,中风险
0,0,0,高风险
0,2,0,高风险
0,0,0,高风险
0,0,0,高风险
334,0,0,高风险
0,0,0,高风险
8,0,0,中风险
0,0,0,高风险
0,0,0,高风险
0,0,0,高风险
0,0,0,高风险
0,0,0,高风险
1032,0,0,中风险
0,0,0,高风险
0,0,0,高风险
0,0,0,高风险
0,0,0,高风险
1032,0,0,中风险
0,0,0,高风险
0,0,0,高风险
0,0,0,高风险
0,0,0,高风险
0,0,0,高风险
0,0,0,高风险
0,0,0,高风险
0,0,0,高风险
54540,0,8314,高风险
0,0,0,高风险
0,0,0,高风险
0,0,0,高风险
0,0,0,高风险
0,0,0,高风险
0,0,0,高风险
0,0,0,高风险
0,0,0,高风险
1032,0,0,中风险
0,0,0,高风险
0,0,0,高风险
0,0,0,高风险
28,0,0,高风险
0,0,0,高风险
0,0,0,高风险
0,0,0,高风险
1032,0,0,中风险
0,0,0,高风险
0,0,0,高风险
0,0,0,高风险
0,0,0,高风险
0,0,0,高风险
0,0,0,高风险
0,0,0,高风险
0,0,0,高风险
0,0,0,高风险
0,0,0,高风险
0,0,0,高风险
0,0,0,高风险
0,0,0,高风险
0,0,0,高风险
0,0,0,高风险
8,0,0,中风险
0,0,0,高风险
0,0,0,高风险
0,0,0,高风险
0,0,0,高风险
0,0,0,高风险
1240,3,2451,高风险
0,0,0,高风险
0,0,0,高风险
0,0,0,高风险
0,0,0,高风险
0,0,0,高风险
0,0,0,高风险
0,0,0,高风险
0,0,0,高风险
0,0,0,高风险
0,0,0,高风险
8,0,0,中风险
0,0,0,高风险
0,0,0,高风险
0,0,0,高风险
0,0,0,高风险
8,0,0,中风险
0,0,0,高风险
54540,0,8314,高风险
0,0,0,高风险
0,0,0,高风险
0,0,0,高风险
0,0,0,高风险
0,0,0,高风险
1,8437,0,高风险
1032,0,0,中风险
520,0,0,中风险
0,0,0,高风险
0,0,0,高风险
0,0,0,高风险
8,0,0,中风险
0,0,0,高风险
0,0,0,高风险
8,0,0,中风险
520,0,0,中风险
0,0,0,高风险
0,0,0,高风险
0,0,0,高风险
0,0,0,高风险
0,0,0,高风险
0,0,0,高风险
0,0,0,高风险
0,0,0,高风险
0,0,0,高风险
0,0,0,高风险
0,0,0,高风险
0,0,0,高风险
1032,0,0,中风险
0,0,0,高风险
520,0,0,中风险
8,0,0,中风险
8,0,0,中风险
520,0,0,中风险
0,0,0,高风险
0,0,0,高风险
0,0,0,高风险
1032,0,0,中风险
54540,0,8314,高风险
0,0,0,高风险
0,0,0,高风险
0,0,0,高风险
0,0,0,高风险
0,0,0,高风险
520,0,0,中风险
0,0,0,高风险
0,0,0,高风险
0,0,0,高风险
0,4,0,高风险
0,0,0,高风险
0,0,0,高风险
0,0,0,高风险
0,0,0,高风险
0,0,0,高风险
0,0,0,高风险
0,0,0,高风险
0,0,0,高风险
0,0,0,高风险
0,0,0,高风险
0,0,0,高风险
0,0,0,高风险
0,0,0,高风险
0,0,0,高风险
0,0,0,高风险
0,0,0,高风险
0,0,0,高风险
0,0,0,高风险
0,0,0,高风险
8,0,0,中风险
0,0,0,高风险
0,0,0,高风险
0,0,0,高风险
0,0,0,高风险
0,0,0,高风险
0,0,0,高风险
0,0,0,高风险
0,0,0,高风险
0,0,0,高风险
0,0,0,高风险
215,0,0,高风险
0,0,0,高风险
0,0,0,高风险
0,0,0,高风险
1,13998,0,高风险
0,0,0,高风险
0,0,0,高风险
520,0,0,中风险
0,0,0,高风险
0,0,0,高风险
0,0,0,高风险
0,0,0,高风险
0,0,0,高风险
0,0,0,高风险
0,0,0,高风险
0,0,0,高风险
0,0,0,高风险
8,0,0,中风险
0,0,0,高风险
215,0,0,高风险
0,6,4,高风险
0,0,0,高风险
0,0,0,高风险
0,0,0,高风险
0,0,0,高风险
0,0,0,高风险
18,0,0,中风险
0,0,0,高风险
0,0,0,高风险
0,0,0,高风险
1032,0,0,中风险
520,0,0,中风险
0,0,0,高风险
0,0,0,高风险
0,0,0,高风险
28,0,0,高风险
0,0,0,高风险
1,0,74,高风险
0,0,0,高风险
0,0,0,高风险
8,0,0,中风险
0,0,0,高风险
0,0,0,高风险
18,0,0,中风险
0,0,0,高风险
0,0,0,高风险
0,0,0,高风险
0,0,0,高风险
1,35240,0,高风险
8,0,0,中风险
1,42658,0,高风险
0,0,0,高风险
0,0,0,高风险
0,0,0,高风险
520,0,0,中风险
0,0,0,高风险
0,0,0,高风险
0,0,0,高风险
0,0,0,高风险
18,0,0,中风险
0,0,0,高风险
1032,0,0,中风险
0,0,0,高风险
0,0,0,高风险
0,0,0,高风险
1,22556,0,高风险
0,0,61,高风险
1032,0,0,中风险
1032,0,0,中风险
8,0,0,中风险
1,0,0,高风险
0,0,0,高风险
0,0,0,高风险
0,0,0,高风险
0,0,0,高风险
18,0,0,中风险
8,0,0,中风险
1032,0,0,中风险
0,0,0,高风险
0,0,0,高风险
0,0,0,高风险
0,10,0,高风险
1,0,0,高风险
8,0,0,中风险
0,0,0,高风险
8,0,0,中风险
1032,0,0,中风险
0,0,0,高风险
0,0,0,高风险
0,0,0,高风险
0,0,0,高风险
1,0,0,高风险
0,0,0,高风险
0,0,0,高风险
0,0,0,高风险
8,0,0,中风险
1032,0,0,中风险
0,0,0,高风险
0,0,0,高风险
0,0,0,高风险
0,0,0,高风险
0,0,0,高风险
0,0,0,高风险
0,0,0,高风险
1032,0,0,中风险
0,0,0,高风险
0,0,0,高风险
0,0,0,高风险
0,0,0,高风险
1032,0,0,中风险
0,0,0,高风险
0,0,0,高风险
0,0,0,高风险
0,0,0,高风险
0,0,0,高风险
1,38192,0,高风险
0,0,0,高风险
0,0,0,高风险
1032,0,0,中风险
0,0,0,高风险
28,0,0,高风险
1,0,0,高风险
0,0,0,高风险
28,0,0,高风险
0,0,0,高风险
8,0,0,中风险
0,0,0,高风险
0,0,0,高风险
520,0,0,中风险
0,0,0,高风险
0,0,0,高风险
0,0,0,高风险
0,0,0,高风险
0,0,0,高风险
8,0,0,中风险
0,0,0,高风险
0,0,0,高风险
1,0,0,高风险
0,0,0,高风险
0,0,0,高风险
0,0,0,高风险
0,0,0,高风险
0,0,0,高风险
0,0,0,高风险
1032,0,0,中风险
0,0,0,高风险
0,0,0,高风险
0,0,0,高风险
0,0,0,高风险
0,0,0,高风险
8,0,0,中风险
0,0,0,高风险
0,0,0,高风险
0,0,0,高风险
1032,0,0,中风险
1032,0,0,中风险
0,0,0,高风险
0,0,0,高风险
0,0,0,高风险
1,0,1,高风险
0,0,0,高风险
0,0,0,高风险
0,0,0,高风险
8,0,0,中风险
1170,1,2447,高风险
1,0,0,高风险
0,0,0,高风险
0,0,0,高风险
0,0,0,高风险
0,0,0,高风险
0,0,0,高风险
0,0,0,高风险
0,0,0,高风险
0,0,0,高风险
246,0,0,高风险
6,3,0,高风险
0,0,0,高风险
1032,0,0,中风险
0,0,0,高风险
0,0,0,高风险
0,0,0,高风险
0,0,0,高风险
0,0,0,高风险
0,0,0,高风险
0,0,0,高风险
8,0,0,中风险
8,0,0,中风险
0,0,0,高风险
28,0,0,高风险
0,0,0,高风险
0,0,0,高风险
1,41111,0,高风险
0,0,0,高风险
0,0,0,高风险
1,0,0,高风险
0,0,0,高风险
0,0,0,高风险
0,0,0,高风险
0,0,0,高风险
0,0,0,高风险
0,0,0,高风险
0,0,0,高风险
0,0,0,高风险
8,0,0,中风险
0,0,0,高风险
1,22861,0,高风险
0,0,0,高风险
0,0,0,高风险
0,0,0,高风险
0,0,0,高风险
0,0,0,高风险
0,0,0,高风险
832,4,0,高风险
0,0,0,高风险
0,0,0,高风险
0,0,0,高风险
0,0,0,高风险
0,0,0,高风险
8,0,0,中风险
0,0,0,高风险
0,0,0,高风险
0,0,0,高风险
0,0,0,高风险
0,0,0,高风险
0,0,0,高风险
0,0,0,高风险
0,0,0,高风险
0,0,0,高风险
0,0,0,高风险
0,0,0,高风险
0,0,0,高风险
0,0,0,高风险
8,0,0,中风险
0,0,0,高风险
0,0,0,高风险
0,0,0,高风险
0,0,0,高风险
0,0,0,高风险
0,0,0,高风险
334,0,0,高风险
0,0,0,高风险
0,0,0,高风险
0,0,0,高风险
0,0,0,高风险
0,0,0,高风险
0,0,0,高风险
0,0,0,高风险
0,0,0,高风险
0,0,0,高风险
520,0,0,中风险
1,4641,0,高风险
0,0,0,高风险
1032,0,0,中风险
0,0,0,高风险
0,0,0,高风险
0,0,0,高风险
0,0,0,高风险
18,0,0,中风险
18,0,0,中风险
1233,3,2449,高风险
0,0,0,高风险
0,0,0,高风险
0,0,0,高风险
0,0,0,高风险
0,0,0,高风险
0,0,0,高风险
207,0,0,高风险
1,0,0,高风险
0,0,0,高风险
54540,0,8314,高风险
0,0,0,高风险
1032,0,0,中风险
0,0,0,高风险
0,0,0,高风险
8,0,0,中风险
0,0,0,高风险
54540,0,8314,高风险
0,0,0,高风险
1,31809,0,高风险
0,0,0,高风险
8,0,0,中风险
0,0,0,高风险
0,0,0,高风险
1032,0,0,中风险
54540,0,8314,高风险
0,0,0,高风险
0,0,0,高风险
0,0,0,高风险
0,0,0,高风险
0,0,0,高风险
0,0,0,高风险
0,0,0,高风险
8,0,0,中风险
8,0,0,中风险
0,0,0,高风险
0,0,0,高风险
0,0,0,高风险
1,0,0,高风险
0,0,0,高风险
0,0,0,高风险
0,0,0,高风险
0,0,0,高风险
520,0,0,中风险
0,0,0,高风险
0,0,0,高风险
0,0,0,高风险
8,0,0,中风险
0,0,0,高风险
0,0,0,高风险
0,0,0,高风险
0,0,0,高风险
0,0,0,高风险
0,0,0,高风险
1,0,0,高风险
0,0,0,高风险
0,0,0,高风险
0,0,0,高风险
0,0,0,高风险
0,0,0,高风险
0,0,0,高风险
0,0,0,高风险
8,0,0,中风险
0,0,0,高风险
0,0,0,高风险
0,0,0,高风险
0,0,0,高风险
0,0,0,高风险
0,0,0,高风险
0,0,0,高风险
0,0,0,高风险
8,0,0,中风险
0,0,0,高风险
0,0,0,高风险
0,0,0,高风险
1195,0,2449,高风险
0,0,0,高风险
0,0,0,高风险
0,0,0,高风险
0,0,0,高风险
0,0,0,高风险
0,0,0,高风险
0,0,0,高风险
0,0,0,高风险
0,0,0,高风险
0,0,0,高风险
0,0,0,高风险
0,0,0,高风险
0,0,0,高风险
0,0,0,高风险
0,0,0,高风险
0,0,0,高风险
0,0,0,高风险
1,0,0,高风险
0,0,0,高风险
0,0,0,高风险
1,37847,0,高风险
0,0,0,高风险
520,0,0,中风险
0,0,0,高风险
0,0,0,高风险
0,0,0,高风险
0,0,0,高风险
0,0,0,高风险
0,0,0,高风险
0,0,0,高风险
0,0,0,高风险
0,0,0,高风险
0,0,0,高风险
18,0,0,中风险
0,0,0,高风险
1032,0,0,中风险
0,0,0,高风险
0,0,0,高风险
520,0,0,中风险
0,0,0,高风险
0,0,0,高风险
0,0,0,高风险
0,0,0,高风险
0,0,0,高风险
1032,0,0,中风险
0,0,0,高风险
0,0,0,高风险
0,0,0,高风险
1,0,0,高风险
0,0,0,高风险
0,0,0,高风险
0,0,0,高风险
0,0,0,高风险
0,0,0,高风险
54540,0,8314,高风险
0,0,0,高风险
0,0,0,高风险
0,0,0,高风险
0,0,0,高风险
0,0,0,高风险
0,0,0,高风险
1,16744,0,高风险
8,0,0,中风险
0,0,0,高风险
0,0,0,高风险
0,3,0,高风险
0,1,0,高风险
0,0,0,高风险
8,0,0,中风险
0,0,0,高风险
54540,0,8314,高风险
1,0,0,高风险
0,0,0,高风险
0,0,0,高风险
0,0,0,高风险
8,0,0,中风险
334,0,0,高风险
0,0,0,高风险
0,0,0,高风险
0,0,0,高风险
0,0,0,高风险
8,0,0,中风险
0,0,0,高风险
0,0,0,高风险
0,0,0,高风险
0,0,0,高风险
8,0,0,中风险
8,0,0,中风险
0,0,0,高风险
0,0,0,高风险
1,13113,0,高风险
0,0,0,高风险
8,0,0,中风险
8,0,0,中风险
0,0,0,高风险
0,0,0,高风险
0,0,0,高风险
0,0,0,高风险
1,17025,0,高风险
1032,0,0,中风险
0,0,0,高风险
0,0,0,高风险
0,0,0,高风险
0,0,0,高风险
1032,0,0,中风险
18,0,0,中风险
8,0,0,中风险
334,0,0,高风险
0,0,0,高风险
0,0,0,高风险
0,0,0,高风险
0,0,0,高风险
0,0,0,高风险
54540,12,8314,高风险
0,0,0,高风险
18,0,0,中风险
0,0,0,高风险
0,0,0,高风险
0,0,0,高风险
0,0,0,高风险
1480,0,0,中风险
0,0,0,高风险
0,0,0,高风险
8,0,0,中风险
18,0,0,中风险
0,0,0,高风险
1032,0,0,中风险
0,0,0,高风险
0,0,0,高风险
0,0,0,高风险
0,0,0,高风险
520,0,0,中风险
1480,0,0,中风险
0,0,0,高风险
0,0,0,高风险
0,0,0,高风险
0,0,0,高风险
0,0,0,高风险
1032,0,0,中风险
0,0,0,高风险
0,0,0,高风险
0,0,0,高风险
0,0,0,高风险
0,0,0,高风险
0,0,0,高风险
0,0,0,高风险
0,0,0,高风险
0,0,0,高风险
0,0,0,高风险
0,0,0,高风险
0,0,0,高风险
0,0,0,高风险
0,0,0,高风险
334,0,0,高风险
0,0,0,高风险
0,0,0,高风险
0,0,0,高风险
0,0,0,高风险
0,0,0,高风险
520,0,0,中风险
1,0,0,高风险
54540,0,8314,高风险
0,0,0,高风险
0,0,0,高风险
0,0,0,高风险
0,0,0,高风险
334,0,0,高风险
1032,0,0,中风险
0,0,0,高风险
0,0,0,高风险
0,0,0,高风险
8,0,0,中风险
0,0,0,高风险
0,0,0,高风险
0,0,0,高风险
0,0,0,高风险
0,0,0,高风险
0,0,0,高风险
0,0,0,高风险
0,0,0,高风险
520,0,0,中风险
0,0,0,高风险
8,0,0,中风险
334,0,0,高风险
28,0,0,高风险
0,0,0,高风险
0,0,0,高风险
0,0,0,高风险
0,0,0,高风险
0,0,0,高风险
0,0,0,高风险
54540,0,8314,高风险
0,0,0,高风险
1032,0,0,中风险
0,0,0,高风险
0,0,0,高风险
0,0,0,高风险
0,0,0,高风险
0,0,0,高风险
0,0,0,高风险
0,0,0,高风险
0,0,0,高风险
8,0,0,中风险
0,0,0,高风险
28,0,0,高风险
0,0,0,高风险
0,0,0,高风险
1,36429,0,高风险
520,0,0,中风险
0,0,0,高风险
0,0,0,高风险
0,0,0,高风险
0,0,0,高风险
28,0,0,高风险
1,37688,0,高风险
0,0,0,高风险
0,0,0,高风险
0,0,0,高风险
0,0,0,高风险
0,0,0,高风险
0,0,0,高风险
0,0,0,高风险
0,0,0,高风险
0,0,0,高风险
0,0,0,高风险
0,0,0,高风险
0,0,0,高风险
0,0,0,高风险
0,0,0,高风险
0,0,0,高风险
0,0,0,高风险
0,0,0,高风险
0,0,0,高风险
0,0,0,高风险
0,0,0,高风险
0,0,0,高风险
0,0,0,高风险
0,0,0,高风险
0,0,0,高风险
0,0,0,高风险
0,0,0,高风险
0,0,0,高风险
1,0,0,高风险
0,0,0,高风险
0,0,0,高风险
0,0,0,高风险
0,0,0,高风险
2628,53,3860,高风险
520,0,0,中风险
1,0,0,高风险
0,0,0,高风险
0,0,0,高风险
8,0,0,中风险
0,0,0,高风险
0,0,0,高风险
0,0,0,高风险
0,0,0,高风险
0,0,0,高风险
0,0,0,高风险
0,0,0,高风险
0,0,0,高风险
0,7,0,高风险
0,0,0,高风险
0,0,0,高风险
0,0,0,高风险
0,0,0,高风险
0,0,0,高风险
0,0,0,高风险
8,0,0,中风险
0,0,0,高风险
0,0,0,高风险
1032,0,0,中风险
0,0,0,高风险
0,0,0,高风险
0,0,0,高风险
0,0,0,高风险
8,0,0,中风险
0,0,0,高风险
0,0,0,高风险
44,0,192,高风险
0,0,0,高风险
0,3,0,高风险
0,1,0,高风险
0,0,0,高风险
0,0,0,高风险
0,0,0,高风险
0,0,0,高风险
0,0,0,高风险
8,0,0,中风险
0,0,0,高风险
0,0,0,高风险
0,0,0,高风险
1,0,0,高风险
0,0,0,高风险
0,0,0,高风险
0,0,0,高风险
0,0,0,高风险
0,0,0,高风险
0,0,0,高风险
0,0,0,高风险
0,0,0,高风险
0,0,0,高风险
0,0,0,高风险
0,0,0,高风险
5135678,5051,0,高风险
0,0,0,高风险
0,0,0,高风险
0,0,0,高风险
0,0,0,高风险
0,0,0,高风险
0,0,0,高风险
0,0,0,高风险
0,0,0,高风险
54540,0,8314,高风险
0,0,0,高风险
0,0,0,高风险
0,0,0,高风险
1020,10120,2201,高风险
0,0,0,高风险
0,0,0,高风险
0,0,0,高风险
0,0,0,高风险
0,0,0,高风险
18,0,0,中风险
8,0,0,中风险
0,0,0,高风险
0,0,0,高风险
18,0,0,中风险
0,0,0,高风险
0,0,0,高风险
18,0,0,中风险
0,0,0,高风险
0,0,0,高风险
1032,0,0,中风险
520,0,0,中风险
1,17025,0,高风险
215,0,0,高风险
0,0,0,高风险
0,0,0,高风险
0,0,0,高风险
0,0,0,高风险
0,0,0,高风险
0,0,0,高风险
0,2,0,高风险
0,0,0,高风险
0,0,0,高风险
0,0,0,高风险
8,0,0,中风险
0,0,0,高风险
0,0,0,高风险
0,0,0,高风险
0,0,0,高风险
18,0,0,中风险
0,0,0,高风险
1,0,0,高风险
0,0,0,高风险
0,0,0,高风险
1480,0,0,中风险
8,0,0,中风险
8,0,0,中风险
8,0,0,中风险
0,0,0,高风险
0,0,0,高风险
0,0,0,高风险
0,0,0,高风险
0,0,0,高风险
0,0,0,高风险
0,0,0,高风险
0,0,0,高风险
0,0,0,高风险
334,0,0,高风险
207,0,0,高风险
1032,0,0,中风险
0,0,0,高风险
0,0,0,高风险
0,0,0,高风险
0,0,0,高风险
8,0,0,中风险
54540,0,8314,高风险
0,0,0,高风险
8,0,0,中风险
0,0,0,高风险
334,0,0,高风险
54540,0,8314,高风险
0,0,0,高风险
0,0,0,高风险
0,0,0,高风险
0,0,0,高风险
0,0,0,高风险
0,0,0,高风险
1,39103,0,高风险
0,0,0,高风险
0,0,0,高风险
1,13918,0,高风险
0,0,0,高风险
0,0,0,高风险
0,0,0,高风险
28,0,0,高风险
0,0,0,高风险
54540,0,8314,高风险
0,0,0,高风险
0,0,0,高风险
0,0,0,高风险
0,0,0,高风险
0,0,0,高风险
0,0,0,高风险
0,0,0,高风险
0,0,0,高风险
0,0,0,高风险
0,0,0,高风险
54540,0,8314,高风险
1,37072,0,高风险
0,0,0,高风险
0,0,0,高风险
0,0,0,高风险
0,0,0,高风险
0,0,0,高风险
0,0,0,高风险
0,8,0,高风险
1710,1,375,高风险
0,0,0,高风险
1480,0,0,中风险
0,0,0,高风险
0,0,0,高风险
8,0,0,中风险
0,0,0,高风险
0,0,0,高风险
0,0,0,高风险
0,0,0,高风险
1,4229,0,高风险
0,0,0,高风险
0,0,0,高风险
0,0,0,高风险
0,0,0,高风险
0,0,0,高风险
0,0,0,高风险
1032,0,0,中风险
1,31849,0,高风险
0,0,0,高风险
0,0,0,高风险
0,0,0,高风险
28,0,0,高风险
0,10,0,高风险
0,0,0,高风险
0,0,0,高风险
0,0,0,高风险
0,0,0,高风险
8,0,0,中风险
0,0,0,高风险
0,0,0,高风险
18,0,0,中风险
0,0,0,高风险
0,0,0,高风险
0,0,0,高风险
0,0,0,高风险
0,0,0,高风险
0,0,0,高风险
1,0,0,高风险
0,0,0,高风险
0,0,0,高风险
0,0,0,高风险
0,0,0,高风险
0,0,0,高风险
334,0,0,高风险
1,41218,0,高风险
0,0,0,高风险
0,0,0,高风险
0,0,0,高风险
0,0,0,高风险
0,0,0,高风险
0,0,0,高风险
0,0,0,高风险
0,6,82,高风险
0,0,0,高风险
0,0,0,高风险
0,0,0,高风险
0,0,0,高风险
0,0,0,高风险
0,0,0,高风险
0,0,0,高风险
0,0,0,高风险
0,0,0,高风险
0,0,0,高风险
0,0,0,高风险
0,0,0,高风险
334,0,0,高风险
0,0,0,高风险
0,0,0,高风险
0,0,0,高风险
0,0,0,高风险
0,0,0,高风险
0,0,0,高风险
0,0,0,高风险
0,0,0,高风险
0,0,0,高风险
1211,0,2449,高风险
54540,0,8314,高风险
0,0,0,高风险
0,0,0,高风险
0,0,0,高风险
0,0,0,高风险
0,0,0,高风险
0,0,0,高风险
0,0,0,高风险
0,0,0,高风险
0,0,0,高风险
0,0,0,高风险
0,0,0,高风险
0,0,0,高风险
8,0,0,中风险
0,0,0,高风险
0,0,0,高风险
0,0,0,高风险
28,0,0,高风险
0,0,0,高风险
0,0,0,高风险
0,0,0,高风险
8,0,0,中风险
0,0,0,高风险
0,0,0,高风险
0,0,0,高风险
520,0,0,中风险
1,0,0,高风险
53208,0,7300,高风险
0,0,0,高风险
0,0,0,高风险
1,41802,0,高风险
0,0,0,高风险
0,0,0,高风险
0,0,0,高风险
28,0,0,高风险
0,0,0,高风险
0,0,0,高风险
0,0,0,高风险
0,0,0,高风险
0,0,0,高风险
28,0,0,高风险
0,0,0,高风险
0,0,0,高风险
0,0,0,高风险
1,0,0,高风险
0,0,0,高风险
0,0,0,高风险
0,0,0,高风险
1,0,0,高风险
0,0,0,高风险
520,0,0,中风险
0,0,0,高风险
0,0,0,高风险
0,0,0,高风险
0,0,0,高风险
0,0,0,高风险
0,0,0,高风险
0,0,0,高风险
8,0,0,中风险
0,0,0,高风险
0,0,0,高风险
0,0,0,高风险
0,0,0,高风险
0,0,0,高风险
0,0,0,高风险
0,0,0,高风险
0,0,0,高风险
0,0,0,高风险
0,0,0,高风险
0,0,0,高风险
0,0,0,高风险
8,0,0,中风险
0,0,0,高风险
0,0,0,高风险
54540,0,8314,高风险
0,0,0,高风险
0,0,0,高风险
0,0,0,高风险
0,0,0,高风险
0,0,0,高风险
18,0,0,中风险
0,0,0,高风险
1032,0,0,中风险
0,0,0,高风险
520,0,0,中风险
1,12993,0,高风险
0,0,0,高风险
0,0,0,高风险
0,0,0,高风险
0,0,0,高风险
1,0,0,高风险
1480,0,0,中风险
832,4,0,高风险
0,0,0,高风险
0,0,0,高风险
0,0,0,高风险
0,0,0,高风险
1032,0,0,中风险
0,0,0,高风险
0,0,0,高风险
0,0,0,高风险
0,0,0,高风险
28,0,0,高风险
0,0,0,高风险
0,0,0,高风险
0,0,0,高风险
0,0,0,高风险
0,0,0,高风险
0,0,0,高风险
0,0,0,高风险
0,0,0,高风险
0,0,0,高风险
0,0,0,高风险
0,0,0,高风险
0,0,0,高风险
0,0,0,高风险
0,0,0,高风险
0,0,0,高风险
0,0,0,高风险
0,0,0,高风险
0,0,0,高风险
0,0,0,高风险
0,0,0,高风险
0,0,0,高风险
0,0,0,高风险
0,0,0,高风险
0,0,0,高风险
0,0,0,高风险
0,0,0,高风险
0,0,0,高风险
0,0,0,高风险
0,0,0,高风险
0,0,0,高风险
0,0,0,高风险
0,0,0,高风险
0,0,0,高风险
0,0,0,高风险
0,0,0,高风险
0,0,0,高风险
0,0,0,高风险
0,0,0,高风险
1,30057,0,高风险
0,0,0,高风险
0,0,0,高风险
0,0,0,高风险
0,0,0,高风险
0,0,0,高风险
0,0,0,高风险
520,0,0,中风险
0,0,0,高风险
0,0,0,高风险
0,0,0,高风险
0,0,0,高风险
0,0,0,高风险
0,0,0,高风险
0,0,0,高风险
0,0,0,高风险
0,0,0,高风险
0,0,0,高风险
0,0,0,高风险
0,0,0,高风险
0,0,0,高风险
0,0,0,高风险
0,0,0,高风险
0,0,0,高风险
0,0,0,高风险
0,0,0,高风险
18,0,0,中风险
0,0,0,高风险
0,0,0,高风险
0,0,0,高风险
1,0,0,高风险
0,0,0,高风险
28,0,0,高风险
0,0,0,高风险
0,0,0,高风险
1032,0,0,中风险
0,0,0,高风险
0,0,0,高风险
0,0,0,高风险
0,0,0,高风险
0,1,0,高风险
0,0,0,高风险
0,0,0,高风险
18,0,0,中风险
0,0,0,高风险
0,0,0,高风险
0,0,0,高风险
0,0,0,高风险
1032,0,0,中风险
0,0,0,高风险
0,0,0,高风险
0,0,0,高风险
0,0,0,高风险
0,0,0,高风险
0,0,0,高风险
0,0,0,高风险
0,0,0,高风险
54540,0,8314,高风险
0,1,0,高风险
0,0,0,高风险
0,0,0,高风险
0,0,0,高风险
0,0,0,高风险
0,0,0,高风险
0,0,0,高风险
0,0,0,高风险
0,0,0,高风险
0,0,0,高风险
0,0,0,高风险
0,0,0,高风险
0,0,0,高风险
0,0,0,高风险
0,0,0,高风险
0,0,0,高风险
0,0,0,高风险
0,0,0,高风险
0,0,0,高风险
1,0,0,高风险
1032,0,0,中风险
0,0,0,高风险
54540,0,8314,高风险
0,0,0,高风险
1,40295,0,高风险
0,0,0,高风险
0,0,0,高风险
0,0,0,高风险
0,0,0,高风险
1,4309,0,高风险
0,0,0,高风险
0,0,0,高风险
0,0,0,高风险
0,0,0,高风险
1,17904,0,高风险
28,0,0,高风险
1,22336,0,高风险
1032,0,0,中风险
0,0,0,高风险
8,0,0,中风险
0,0,0,高风险
0,0,0,高风险
0,0,0,高风险
8,0,0,中风险
0,0,0,高风险
0,0,0,高风险
0,0,0,高风险
8,0,0,中风险
0,0,0,高风险
1032,0,0,中风险
0,0,0,高风险
0,0,0,高风险
0,0,0,高风险
1032,0,0,中风险
0,0,0,高风险
0,0,0,高风险
0,0,0,高风险
0,0,0,高风险
0,0,0,高风险
0,0,0,高风险
0,0,0,高风险
0,0,0,高风险
0,0,0,高风险
0,0,0,高风险
0,0,0,高风险
1,771,0,高风险
0,0,0,高风险
0,0,0,高风险
0,0,0,高风险
0,0,0,高风险
0,0,0,高风险
0,0,0,高风险
0,0,0,高风险
0,0,0,高风险
0,0,0,高风险
0,0,0,高风险
0,0,0,高风险
0,0,0,高风险
0,0,0,高风险
0,0,0,高风险
0,0,0,高风险
8,0,0,中风险
53776,0,7300,高风险
0,0,0,高风险
0,0,0,高风险
0,0,0,高风险
0,0,0,高风险
0,0,0,高风险
0,0,0,高风险
0,0,0,高风险
8,0,0,中风险
520,0,0,中风险
28,0,0,高风险
0,0,0,高风险
0,0,0,高风险
0,0,0,高风险
0,0,0,高风险
0,0,0,高风险
0,0,0,高风险
0,0,0,高风险
0,0,0,高风险
0,0,0,高风险
0,0,0,高风险
0,0,0,高风险
18,0,0,中风险
0,0,0,高风险
0,0,0,高风险
0,0,0,高风险
0,0,0,高风险
0,0,0,高风险
0,0,0,高风险
0,0,0,高风险
0,0,0,高风险
0,0,0,高风险
215,0,0,高风险
0,0,0,高风险
0,0,0,高风险
8,0,0,中风险
0,0,0,高风险
0,0,0,高风险
0,0,0,高风险
0,0,0,高风险
0,0,0,高风险
0,1,0,高风险
54540,0,8314,高风险
1,13918,0,高风险
28,0,0,高风险
1032,0,0,中风险
0,0,0,高风险
0,0,0,高风险
0,0,0,高风险
0,0,0,高风险
0,0,0,高风险
0,0,0,高风险
0,0,0,高风险
0,0,0,高风险
0,0,0,高风险
0,0,0,高风险
0,0,0,高风险
0,0,0,高风险
54540,0,8314,高风险
0,0,0,高风险
0,0,0,高风险
0,0,0,高风险
0,0,0,高风险
1032,0,0,中风险
0,0,0,高风险
0,0,0,高风险
0,0,0,高风险
0,0,0,高风险
54540,0,8314,高风险
0,0,0,高风险
0,0,0,高风险
0,0,0,高风险
0,0,0,高风险
0,0,0,高风险
0,0,0,高风险
0,0,0,高风险
1,26848,0,高风险
0,0,0,高风险
0,0,0,高风险
0,0,0,高风险
0,0,0,高风险
18,0,0,中风险
0,0,0,高风险
0,0,0,高风险
0,0,0,高风险
1,0,0,高风险
0,0,0,高风险
0,0,0,高风险
0,0,0,高风险
0,0,0,高风险
0,0,0,高风险
0,0,0,高风险
0,0,0,高风险
1480,0,0,中风险
28,0,0,高风险
0,0,0,高风险
0,0,0,高风险
0,0,0,高风险
0,0,0,高风险
0,0,0,高风险
0,0,0,高风险
0,0,0,高风险
0,0,0,高风险
0,0,0,高风险
0,0,0,高风险
0,0,0,高风险
8,0,0,中风险
334,0,0,高风险
215,0,0,高风险
0,0,0,高风险
0,0,0,高风险
0,0,0,高风险
0,0,0,高风险
0,0,0,高风险
0,0,0,高风险
0,0,0,高风险
0,0,0,高风险
0,0,0,高风险
0,0,0,高风险
520,0,0,中风险
54540,0,8314,高风险
0,0,0,高风险
0,0,0,高风险
0,0,0,高风险
8,0,0,中风险
0,0,0,高风险
0,0,0,高风险
0,0,0,高风险
0,0,0,高风险
0,0,0,高风险
0,0,0,高风险
8,0,0,中风险
520,0,0,中风险
54540,0,8314,高风险
0,0,0,高风险
0,0,0,高风险
1,931,0,高风险
0,0,0,高风险
0,0,0,高风险
0,0,0,高风险
0,0,0,高风险
0,0,0,高风险
1,42862,0,高风险
0,0,0,高风险
0,0,0,高风险
1032,0,0,中风险
1032,0,0,中风险
0,0,0,高风险
0,0,0,高风险
0,0,0,高风险
0,0,0,高风险
0,0,0,高风险
0,0,0,高风险
0,0,0,高风险
0,0,0,高风险
0,0,0,高风险
0,0,0,高风险
0,0,0,高风险
0,0,0,高风险
0,0,0,高风险
1,0,0,高风险
0,0,0,高风险
0,0,0,高风险
0,0,0,高风险
0,0,0,高风险
0,0,0,高风险
0,0,0,高风险
0,0,0,高风险
0,0,0,高风险
0,0,0,高风险
334,0,0,高风险
0,0,0,高风险
0,0,0,高风险
1,0,26,高风险
0,0,0,高风险
520,0,0,中风险
0,0,0,高风险
0,0,0,高风险
0,0,0,高风险
0,0,0,高风险
0,0,0,高风险
0,0,0,高风险
1480,0,0,中风险
0,0,0,高风险
0,0,0,高风险
0,0,0,高风险
0,0,0,高风险
54540,0,7300,高风险
1,40142,0,高风险
0,0,0,高风险
0,0,0,高风险
0,0,0,高风险
0,0,0,高风险
0,0,0,高风险
0,0,0,高风险
0,0,0,高风险
0,0,0,高风险
0,0,0,高风险
0,0,0,高风险
0,0,0,高风险
0,0,0,高风险
0,0,0,高风险
0,0,0,高风险
0,0,0,高风险
0,0,0,高风险
0,0,0,高风险
8,0,0,中风险
0,0,0,高风险
0,0,0,高风险
0,0,0,高风险
0,0,0,高风险
0,0,0,高风险
0,0,0,高风险
0,0,0,高风险
0,0,0,高风险
0,0,0,高风险
0,0,0,高风险
0,0,0,高风险
8,0,0,中风险
0,0,0,高风险
0,0,0,高风险
54540,0,8314,高风险
0,0,0,高风险
0,0,0,高风险
0,0,0,高风险
0,0,0,高风险
0,3,0,高风险
0,0,0,高风险
0,0,0,高风险
0,0,0,高风险
1032,0,0,中风险
0,0,0,高风险
0,0,0,高风险
0,0,0,高风险
0,0,0,高风险
28,0,0,高风险
0,0,0,高风险
0,0,0,高风险
28,0,0,高风险
0,0,0,高风险
215,0,0,高风险
0,0,0,高风险
0,0,0,高风险
0,0,0,高风险
1,31301,0,高风险
0,0,0,高风险
8,0,0,中风险
8,0,0,中风险
0,0,0,高风险
18,0,0,中风险
0,0,0,高风险
8,0,0,中风险
0,0,0,高风险
0,0,0,高风险
0,0,0,高风险
1213,1,2449,高风险
0,4,0,高风险
0,0,0,高风险
0,0,0,高风险
0,0,0,高风险
334,0,0,高风险
28,0,0,高风险
0,0,0,高风险
1,4309,0,高风险
0,0,0,高风险
0,0,0,高风险
0,0,0,高风险
0,0,0,高风险
0,0,0,高风险
0,0,0,高风险
8,0,0,中风险
0,0,0,高风险
0,0,0,高风险
0,0,0,高风险
246,0,0,高风险
0,0,0,高风险
0,0,0,高风险
0,0,0,高风险
0,0,0,高风险
0,0,0,高风险
1480,0,0,中风险
0,0,0,高风险
0,0,0,高风险
0,0,0,高风险
0,0,0,高风险
0,0,0,高风险
0,0,0,高风险
0,0,0,高风险
0,0,0,高风险
0,0,0,高风险
0,0,0,高风险
1032,0,0,中风险
0,0,0,高风险
0,0,0,高风险
0,0,0,高风险
0,0,0,高风险
0,0,0,高风险
8,0,0,中风险
0,0,0,高风险
1,26070,0,高风险
0,0,0,高风险
0,0,0,高风险
0,0,0,高风险
54540,0,8314,高风险
0,0,0,高风险
0,0,0,高风险
0,0,0,高风险
28,0,0,高风险
0,0,0,高风险
0,0,0,高风险
8,0,0,中风险
8,0,0,中风险
0,0,0,高风险
0,0,0,高风险
0,0,0,高风险
0,0,0,高风险
0,0,0,高风险
0,0,0,高风险
1032,0,0,中风险
0,0,0,高风险
0,6,0,高风险
0,0,0,高风险
0,0,0,高风险
0,0,0,高风险
1032,0,0,中风险
0,0,0,高风险
0,0,0,高风险
8,0,0,中风险
8,0,0,中风险
0,0,0,高风险
8,0,0,中风险
0,0,0,高风险
0,0,0,高风险
0,0,0,高风险
0,0,0,高风险
0,0,0,高风险
0,0,0,高风险
1032,0,0,中风险
0,0,0,高风险
0,0,0,高风险
0,0,0,高风险
1233,3,2449,高风险
1,0,0,高风险
8,0,0,中风险
0,0,0,高风险
0,0,0,高风险
0,0,0,高风险
334,0,0,高风险
0,0,0,高风险
0,0,0,高风险
0,0,0,高风险
0,0,0,高风险
0,0,0,高风险
0,0,0,高风险
0,0,0,高风险
1032,0,0,中风险
0,0,0,高风险
0,0,0,高风险
0,0,0,高风险
8,0,0,中风险
0,0,0,高风险
832,4,0,高风险
0,0,0,高风险
0,0,0,高风险
0,0,0,高风险
0,0,0,高风险
0,0,0,高风险
0,0,0,高风险
0,0,0,高风险
0,0,0,高风险
8,0,0,中风险
8,0,0,中风险
0,0,0,高风险
1,0,0,高风险
334,0,0,高风险
0,0,0,高风险
0,0,0,高风险
0,0,0,高风险
0,0,0,高风险
0,0,0,高风险
0,0,0,高风险
0,0,0,高风险
0,0,0,高风险
0,0,0,高风险
8,0,0,中风险
0,0,0,高风险
0,0,0,高风险
0,0,0,高风险
1,32038,0,高风险
0,0,0,高风险
0,0,0,高风险
0,0,0,高风险
0,0,0,高风险
0,0,0,高风险
8,0,0,中风险
0,0,0,高风险
0,0,0,高风险
0,0,0,高风险
1032,0,0,中风险
0,0,0,高风险
0,0,0,高风险
0,0,0,高风险
0,0,0,高风险
0,0,0,高风险
0,0,0,高风险
0,0,0,高风险
0,0,0,高风险
1032,0,0,中风险
520,0,0,中风险
0,0,0,高风险
1032,0,0,中风险
0,0,0,高风险
0,0,0,高风险
0,0,0,高风险
1,21123,0,高风险
1032,0,0,中风险
0,0,0,高风险
0,0,0,高风险
0,0,0,高风险
0,0,0,高风险
0,0,0,高风险
0,0,0,高风险
54540,0,8314,高风险
0,0,0,高风险
0,0,0,高风险
0,0,0,高风险
0,0,0,高风险
0,0,0,高风险
0,1,0,高风险
0,0,0,高风险
0,0,0,高风险
0,0,0,高风险
0,0,0,高风险
0,0,0,高风险
0,0,0,高风险
1,831,0,高风险
0,0,0,高风险
0,0,0,高风险
0,0,0,高风险
0,0,0,高风险
0,0,0,高风险
0,0,0,高风险
0,0,0,高风险
0,0,0,高风险
0,0,0,高风险
0,0,0,高风险
0,0,0,高风险
0,0,0,高风险
0,0,0,高风险
28,0,0,高风险
0,0,0,高风险
0,0,0,高风险
1,0,0,高风险
28,0,0,高风险
0,0,0,高风险
0,0,0,高风险
1,0,0,高风险
0,0,0,高风险
0,0,0,高风险
0,0,0,高风险
0,0,0,高风险
0,0,0,高风险
0,0,0,高风险
0,0,0,高风险
0,0,0,高风险
0,0,0,高风险
0,0,0,高风险
0,0,0,高风险
0,0,0,高风险
0,0,0,高风险
520,0,0,中风险
8,0,0,中风险
0,0,0,高风险
126,0,179,高风险
0,0,0,高风险
520,0,0,中风险
1032,0,0,中风险
0,0,0,高风险
0,0,0,高风险
0,0,0,高风险
0,0,0,高风险
0,0,0,高风险
0,0,0,高风险
0,0,0,高风险
0,0,0,高风险
0,0,0,高风险
0,0,0,高风险
0,0,0,高风险
0,0,0,高风险
0,0,0,高风险
0,0,0,高风险
54540,0,8314,高风险
0,0,5828,高风险
0,0,0,高风险
1032,0,0,中风险
0,0,0,高风险
8,0,0,中风险
0,0,0,高风险
0,0,0,高风险
0,0,0,高风险
520,0,0,中风险
0,0,0,高风险
0,0,0,高风险
0,0,0,高风险
0,0,0,高风险
0,0,0,高风险
54540,0,8314,高风险
0,0,0,高风险
0,0,0,高风险
0,0,0,高风险
0,0,0,高风险
0,0,0,高风险
0,0,0,高风险
0,0,0,高风险
0,0,0,高风险
8,0,0,中风险
0,0,0,高风险
0,0,0,高风险
0,0,0,高风险
8,0,0,中风险
6,5,151,高风险
0,0,0,高风险
334,0,0,高风险
0,0,0,高风险
1032,0,0,中风险
0,0,0,高风险
0,0,0,高风险
0,0,0,高风险
0,0,0,高风险
0,0,0,高风险
0,0,0,高风险
0,0,0,高风险
8,0,0,中风险
1032,0,0,中风险
18,0,0,中风险
0,0,0,高风险
1032,0,0,中风险
0,0,0,高风险
0,0,0,高风险
0,0,0,高风险
0,0,0,高风险
0,0,0,高风险
6,0,123,高风险
0,0,0,高风险
0,0,0,高风险
0,0,0,高风险
0,0,0,高风险
1,0,0,高风险
0,0,0,高风险
0,0,0,高风险
0,0,0,高风险
0,0,0,高风险
8,0,0,中风险
0,0,0,高风险
0,0,0,高风险
0,0,0,高风险
0,0,0,高风险
8,0,0,中风险
0,0,0,高风险
0,0,0,高风险
0,0,0,高风险
0,0,0,高风险
0,0,2072,高风险
0,0,0,高风险
0,0,0,高风险
8,0,0,中风险
1032,0,0,中风险
0,0,0,高风险
0,0,0,高风险
0,0,0,高风险
0,0,0,高风险
0,0,0,高风险
0,0,0,高风险
0,0,0,高风险
0,0,0,高风险
0,0,0,高风险
207,0,0,高风险
0,0,0,高风险
0,0,0,高风险
28,0,0,高风险
0,0,0,高风险
0,0,0,高风险
0,0,0,高风险
0,0,0,高风险
0,0,0,高风险
0,0,0,高风险
0,0,0,高风险
0,0,0,高风险
0,0,0,高风险
0,0,0,高风险
0,0,0,高风险
0,0,0,高风险
1,0,0,高风险
0,0,0,高风险
0,0,0,高风险
0,0,0,高风险
0,0,0,高风险
0,0,0,高风险
0,0,0,高风险
0,0,0,高风险
0,0,0,高风险
0,0,0,高风险
1032,0,0,中风险
0,0,0,高风险
0,0,0,高风险
0,0,0,高风险
0,0,0,高风险
0,0,0,高风险
0,0,0,高风险
0,0,0,高风险
0,0,0,高风险
0,0,0,高风险
8,0,0,中风险
0,0,0,高风险
0,0,0,高风险
207,0,0,高风险
0,0,0,高风险
0,0,0,高风险
0,0,0,高风险
0,0,0,高风险
0,0,0,高风险
0,0,0,高风险
0,0,0,高风险
0,0,0,高风险
0,0,0,高风险
0,0,0,高风险
18,0,0,中风险
0,0,0,高风险
0,0,0,高风险
0,0,0,高风险
0,0,0,高风险
0,0,0,高风险
0,0,0,高风险
0,0,0,高风险
0,0,0,高风险
0,0,0,高风险
0,0,0,高风险
0,0,0,高风险
520,0,0,中风险
0,0,0,高风险
0,0,0,高风险
0,0,0,高风险
0,1,0,高风险
0,0,0,高风险
54540,0,8314,高风险
0,0,0,高风险
0,0,0,高风险
0,0,0,高风险
0,0,0,高风险
1032,0,0,中风险
1480,0,0,中风险
0,0,0,高风险
0,0,0,高风险
0,0,0,高风险
1238,1,2451,高风险
0,0,0,高风险
0,0,0,高风险
54540,0,8314,高风险
0,0,0,高风险
54540,0,8314,高风险
0,0,0,高风险
8,0,0,中风险
0,0,0,高风险
0,0,0,高风险
8,0,0,中风险
0,0,0,高风险
0,0,0,高风险
0,0,0,高风险
0,0,0,高风险
0,0,0,高风险
0,0,0,高风险
0,0,0,高风险
0,0,0,高风险
520,0,0,中风险
0,0,0,高风险
0,0,0,高风险
0,0,0,高风险
0,0,0,高风险
0,0,0,高风险
0,0,0,高风险
1,26983,0,高风险
1,0,0,高风险
0,0,0,高风险
0,0,0,高风险
0,0,0,高风险
0,0,0,高风险
0,0,0,高风险
0,0,0,高风险
0,0,0,高风险
0,0,0,高风险
1,0,0,高风险
0,0,0,高风险
0,0,0,高风险
0,0,0,高风险
0,0,0,高风险
0,0,0,高风险
0,0,0,高风险
6,1,1405,高风险
0,0,0,高风险
0,0,0,高风险
1,0,0,高风险
0,0,0,高风险
6,4,18056,高风险
0,0,0,高风险
0,0,0,高风险
0,0,0,高风险
0,0,0,高风险
0,0,0,高风险
0,0,0,高风险
0,0,0,高风险
0,0,0,高风险
0,0,0,高风险
0,0,0,高风险
1,18418,0,高风险
0,0,0,高风险
0,0,0,高风险
8,0,0,中风险
0,0,0,高风险
0,0,0,高风险
1032,0,0,中风险
28,0,0,高风险
0,0,0,高风险
0,0,0,高风险
1,0,0,高风险
0,0,0,高风险
28,0,0,高风险
0,0,0,高风险
0,0,0,高风险
0,3,0,高风险
0,0,0,高风险
0,0,0,高风险
0,0,0,高风险
0,0,0,高风险
0,0,0,高风险
0,0,0,高风险
1,0,0,高风险
8,0,0,中风险
0,0,0,高风险
0,0,0,高风险
0,0,0,高风险
0,0,0,高风险
0,0,0,高风险
0,0,0,高风险
1032,0,0,中风险
520,0,0,中风险
0,0,0,高风险
0,0,0,高风险
8,0,0,中风险
0,0,0,高风险
0,0,0,高风险
0,0,0,高风险
0,0,0,高风险
0,0,0,高风险
0,0,0,高风险
0,0,0,高风险
1032,0,0,中风险
0,0,0,高风险
0,0,0,高风险
0,0,0,高风险
0,0,0,高风险
0,0,0,高风险
0,0,0,高风险
0,0,0,高风险
0,0,0,高风险
1,0,0,高风险
18,0,0,中风险
8,0,0,中风险
8,0,0,中风险
0,0,0,高风险
0,0,0,高风险
0,0,0,高风险
0,0,0,高风险
0,0,0,高风险
0,0,0,高风险
0,0,0,高风险
0,0,0,高风险
0,0,0,高风险
0,0,0,高风险
0,0,0,高风险
0,0,0,高风险
8,0,0,中风险
520,0,0,中风险
0,0,0,高风险
0,0,0,高风险
0,0,0,高风险
0,0,0,高风险
0,0,0,高风险
0,0,0,高风险
0,0,0,高风险
1032,0,0,中风险
1,0,0,高风险
0,0,0,高风险
564,0,0,中风险
0,0,0,高风险
0,0,0,高风险
0,0,0,高风险
0,0,0,高风险
0,0,0,高风险
1032,0,0,中风险
0,0,0,高风险
0,0,0,高风险
0,0,0,高风险
0,0,0,高风险
8,0,0,中风险
1032,0,0,中风险
0,0,0,高风险
0,0,0,高风险
0,0,0,高风险
1,0,0,高风险
1032,0,0,中风险
28,0,0,高风险
1032,0,0,中风险
1032,0,0,中风险
0,0,0,高风险
8,0,0,中风险
0,0,0,高风险
8,0,0,中风险
1,0,0,高风险
18,0,0,中风险
18,0,0,中风险
0,0,0,高风险
0,0,0,高风险
0,0,0,高风险
1255,1,2451,高风险
100,0,0,高风险
54540,0,8314,高风险
0,0,0,高风险
0,0,0,高风险
0,0,0,高风险
0,0,0,高风险
0,0,0,高风险
0,0,0,高风险
0,0,0,高风险
0,0,0,高风险
0,0,0,高风险
0,0,0,高风险
0,0,0,高风险
8,0,0,中风险
0,0,0,高风险
0,0,0,高风险
1,39910,0,高风险
18,0,0,中风险
0,0,0,高风险
0,0,0,高风险
0,0,0,高风险
0,0,0,高风险
1,39103,0,高风险
0,0,0,高风险
0,0,0,高风险
0,0,0,高风险
0,3,0,高风险
0,0,0,高风险
0,0,0,高风险
0,0,0,高风险
0,0,0,高风险
0,0,0,高风险
0,0,0,高风险
0,0,0,高风险
0,0,0,高风险
0,0,0,高风险
0,0,0,高风险
1,0,0,高风险
0,0,0,高风险
0,0,0,高风险
0,0,0,高风险
1,0,0,高风险
0,0,0,高风险
0,0,0,高风险
28,0,0,高风险
0,0,0,高风险
8,0,0,中风险
0,0,0,高风险
0,0,0,高风险
0,0,0,高风险
1,0,0,高风险
0,0,0,高风险
0,0,0,高风险
0,0,0,高风险
520,0,0,中风险
8,0,0,中风险
0,0,0,高风险
8,0,0,中风险
0,0,0,高风险
0,0,0,高风险
0,0,0,高风险
0,0,0,高风险
0,0,0,高风险
0,0,0,高风险
54540,0,8314,高风险
8,0,0,中风险
0,0,0,高风险
0,0,0,高风险
0,0,0,高风险
0,0,0,高风险
0,0,0,高风险
0,0,0,高风险
8,0,0,中风险
0,0,0,高风险
0,0,0,高风险
0,0,0,高风险
0,0,0,高风险
0,0,0,高风险
8,0,0,中风险
0,0,0,高风险
0,0,0,高风险
0,0,0,高风险
1,0,0,高风险
0,0,0,高风险
0,0,0,高风险
0,0,0,高风险
0,0,0,高风险
0,0,0,高风险
0,0,0,高风险
0,0,0,高风险
1,21123,0,高风险
0,0,0,高风险
0,0,0,高风险
1,0,0,高风险
8,0,0,中风险
8,0,0,中风险
0,0,0,高风险
0,0,0,高风险
0,0,0,高风险
0,0,0,高风险
1,13488,0,高风险
0,0,0,高风险
1,0,74,高风险
0,0,0,高风险
8,0,0,中风险
8,0,0,中风险
8,0,0,中风险
1032,0,0,中风险
0,0,0,高风险
0,0,0,高风险
0,0,0,高风险
8,0,0,中风险
0,0,0,高风险
0,0,0,高风险
0,0,0,高风险
8,0,0,中风险
1032,0,0,中风险
0,0,0,高风险
0,0,0,高风险
0,0,0,高风险
0,0,0,高风险
18,0,0,中风险
0,0,0,高风险
0,0,0,高风险
1480,0,0,中风险
0,0,0,高风险
1,0,0,高风险
0,0,0,高风险
0,0,0,高风险
1,38776,0,高风险
0,0,0,高风险
0,0,0,高风险
0,0,0,高风险
0,0,0,高风险
0,0,0,高风险
0,0,0,高风险
0,0,0,高风险
1032,0,0,中风险
0,0,0,高风险
0,0,0,高风险
0,0,0,高风险
1032,0,0,中风险
0,0,0,高风险
0,0,0,高风险
0,0,0,高风险
0,0,0,高风险
1032,0,0,中风险
0,0,0,高风险
0,0,0,高风险
0,0,0,高风险
0,0,0,高风险
0,0,0,高风险
0,0,0,高风险
0,0,0,高风险
0,0,0,高风险
0,0,0,高风险
0,0,0,高风险
0,0,0,高风险
0,0,0,高风险
0,0,0,高风险
0,0,0,高风险
18,0,0,中风险
520,0,0,中风险
1032,0,0,中风险
0,0,0,高风险
0,0,0,高风险
0,0,0,高风险
0,0,0,高风险
0,1,0,高风险
0,0,0,高风险
520,0,0,中风险
0,0,0,高风险
0,0,0,高风险
1,0,0,高风险
8,0,0,中风险
0,0,0,高风险
0,0,0,高风险
0,0,0,高风险
54540,0,8314,高风险
1,16553,0,高风险
0,0,0,高风险
0,0,0,高风险
28,0,0,高风险
0,0,0,高风险
0,0,0,高风险
0,0,0,高风险
520,0,0,中风险
0,0,0,高风险
0,0,0,高风险
0,0,0,高风险
0,0,0,高风险
0,0,0,高风险
0,0,0,高风险
0,0,0,高风险
0,0,0,高风险
0,0,0,高风险
0,0,0,高风险
0,0,0,高风险
0,0,0,高风险
0,0,0,高风险
0,0,0,高风险
0,0,0,高风险
0,0,0,高风险
8,0,0,中风险
0,0,0,高风险
8,0,0,中风险
8,0,0,中风险
0,0,0,高风险
207,0,0,高风险
0,0,0,高风险
0,0,0,高风险
0,0,0,高风险
520,0,0,中风险
0,0,0,高风险
0,0,0,高风险
0,0,0,高风险
0,0,0,高风险
1,0,0,高风险
0,0,0,高风险
0,0,0,高风险
207,0,0,高风险
0,0,0,高风险
0,0,0,高风险
0,0,0,高风险
1032,0,0,中风险
5131424,5043,0,高风险
0,0,0,高风险
0,0,0,高风险
0,0,0,高风险
0,0,0,高风险
0,0,0,高风险
0,0,0,高风险
8,0,0,中风险
0,0,0,高风险
0,0,0,高风险
0,0,0,高风险
0,0,0,高风险
0,0,0,高风险
0,0,0,高风险
0,0,0,高风险
0,0,0,高风险
0,0,0,高风险
0,0,0,高风险
0,0,0,高风险
0,0,0,高风险
0,0,0,高风险
520,0,0,中风险
0,0,0,高风险
1032,0,0,中风险
0,0,0,高风险
28,0,0,高风险
1,0,0,高风险
0,0,0,高风险
0,0,0,高风险
334,0,0,高风险
0,0,0,高风险
0,0,0,高风险
0,0,0,高风险
0,0,0,高风险
0,0,0,高风险
0,0,0,高风险
8,0,0,中风险
0,0,0,高风险
0,0,0,高风险
0,0,0,高风险
0,0,0,高风险
1,0,0,高风险
0,0,0,高风险
0,0,0,高风险
0,0,0,高风险
0,0,0,高风险
54540,0,8314,高风险
0,0,0,高风险
0,0,0,高风险
0,0,0,高风险
0,0,0,高风险
0,0,0,高风险
0,0,0,高风险
0,0,0,高风险
0,0,0,高风险
1276,1,2451,高风险
0,0,0,高风险
0,0,0,高风险
0,0,0,高风险
0,0,0,高风险
0,0,0,高风险
0,0,0,高风险
6,11,0,高风险
0,0,0,高风险
0,0,0,高风险
0,0,0,高风险
1,39667,0,高风险
520,0,0,中风险
0,0,0,高风险
0,0,0,高风险
0,0,0,高风险
8,0,0,中风险
0,0,0,高风险
0,0,0,高风险
0,0,0,高风险
0,0,0,高风险
0,0,0,高风险
1,39507,0,高风险
0,0,0,高风险
0,0,0,高风险
8,0,0,中风险
0,0,0,高风险
0,0,0,高风险
0,0,0,高风险
0,0,0,高风险
0,0,0,高风险
0,0,0,高风险
0,0,0,高风险
18,0,0,中风险
0,0,0,高风险
0,0,0,高风险
18,0,0,中风险
0,0,0,高风险
0,0,0,高风险
0,0,0,高风险
0,0,0,高风险
0,0,0,高风险
54540,0,8314,高风险
0,0,0,高风险
0,0,0,高风险
0,0,0,高风险
0,0,0,高风险
0,0,0,高风险
0,0,0,高风险
1032,0,0,中风险
0,0,0,高风险
0,0,0,高风险
0,0,0,高风险
0,0,0,高风险
0,0,0,高风险
0,0,0,高风险
0,0,0,高风险
0,0,0,高风险
0,0,0,高风险
8,0,0,中风险
0,0,0,高风险
0,0,0,高风险
0,0,0,高风险
0,0,0,高风险
8,0,0,中风险
0,0,0,高风险
0,0,0,高风险
0,0,0,高风险
0,0,0,高风险
1032,0,0,中风险
0,0,0,高风险
0,0,0,高风险
8,0,0,中风险
18,0,0,中风险
0,0,0,高风险
0,0,0,高风险
0,0,0,高风险
0,0,0,高风险
0,0,0,高风险
0,0,0,高风险
1032,0,0,中风险
0,0,0,高风险
0,0,0,高风险
0,0,0,高风险
0,0,0,高风险
18,0,0,中风险
0,0,0,高风险
0,0,0,高风险
0,0,0,高风险
0,0,0,高风险
8,0,0,中风险
0,0,0,高风险
0,0,0,高风险
0,0,0,高风险
0,0,0,高风险
0,0,0,高风险
0,0,0,高风险
0,0,0,高风险
18,0,0,中风险
0,0,0,高风险
0,0,0,高风险
0,0,0,高风险
0,0,0,高风险
0,0,0,高风险
54540,0,8314,高风险
0,0,0,高风险
0,0,0,高风险
0,0,0,高风险
54540,0,8314,高风险
0,0,0,高风险
0,0,0,高风险
1,37728,0,高风险
0,0,0,高风险
0,0,0,高风险
0,0,0,高风险
0,0,0,高风险
0,0,0,高风险
8,0,0,中风险
0,0,0,高风险
8,0,0,中风险
1,0,0,高风险
0,0,0,高风险
0,0,0,高风险
0,0,0,高风险
0,0,0,高风险
8,0,0,中风险
0,0,0,高风险
28,0,0,高风险
0,0,0,高风险
0,0,0,高风险
0,0,0,高风险
0,0,0,高风险
0,0,0,高风险
0,0,0,高风险
0,0,0,高风险
28,0,0,高风险
0,0,0,高风险
0,0,0,高风险
0,0,0,高风险
0,0,0,高风险
0,0,0,高风险
0,0,0,高风险
0,0,0,高风险
0,0,0,高风险
0,0,0,高风险
0,0,0,高风险
0,0,0,高风险
0,0,0,高风险
0,0,0,高风险
0,0,0,高风险
0,0,0,高风险
8,0,0,中风险
1,0,0,高风险
0,0,0,高风险
0,0,0,高风险
0,0,0,高风险
0,0,0,高风险
0,0,0,高风险
0,0,0,高风险
0,0,0,高风险
1,0,0,高风险
0,0,0,高风险
0,0,0,高风险
8,0,0,中风险
0,0,0,高风险
0,0,0,高风险
0,0,0,高风险
1032,0,0,中风险
28,0,0,高风险
126,0,179,高风险
0,0,0,高风险
0,0,0,高风险
0,0,0,高风险
18,0,0,中风险
8,0,0,中风险
1032,0,0,中风险
0,0,0,高风险
0,0,0,高风险
0,0,0,高风险
0,0,0,高风险
8,0,0,中风险
0,0,0,高风险
0,0,0,高风险
8,0,0,中风险
0,0,0,高风险
0,0,0,高风险
0,0,0,高风险
0,0,0,高风险
1032,0,0,中风险
0,0,0,高风险
8,0,0,中风险
0,0,0,高风险
0,0,0,高风险
0,0,0,高风险
0,0,0,高风险
8,0,0,中风险
28,0,0,高风险
0,0,0,高风险
0,0,0,高风险
0,0,0,高风险
0,0,0,高风险
0,0,0,高风险
0,0,0,高风险
0,0,0,高风险
8,0,0,中风险
0,0,0,高风险
0,0,0,高风险
0,0,0,高风险
0,0,0,高风险
54540,0,8314,高风险
0,0,0,高风险
0,0,0,高风险
0,0,0,高风险
0,0,0,高风险
0,0,0,高风险
0,0,0,高风险
0,0,0,高风险
0,0,0,高风险
0,0,0,高风险
0,0,0,高风险
0,0,0,高风险
8,0,0,中风险
0,0,0,高风险
0,0,0,高风险
520,0,0,中风险
8,0,0,中风险
0,0,0,高风险
0,0,0,高风险
1224,0,2451,高风险
0,0,0,高风险
0,0,0,高风险
0,0,0,高风险
8,0,0,中风险
1,9015,0,高风险
28,0,0,高风险
0,0,0,高风险
8,0,0,中风险
8,0,0,中风险
0,0,0,高风险
0,0,0,高风险
0,0,0,高风险
0,0,0,高风险
0,0,0,高风险
0,0,0,高风险
0,0,0,高风险
0,0,0,高风险
0,0,0,高风险
0,0,0,高风险
0,0,0,高风险
0,0,0,高风险
126,0,179,高风险
0,0,0,高风险
0,0,0,高风险
0,0,0,高风险
0,0,0,高风险
1032,0,0,中风险
0,0,0,高风险
8,0,0,中风险
0,0,0,高风险
0,0,0,高风险
0,0,0,高风险
0,0,0,高风险
0,0,0,高风险
0,0,0,高风险
0,0,0,高风险
8,0,0,中风险
0,0,0,高风险
520,0,0,中风险
0,0,0,高风险
0,0,0,高风险
0,0,0,高风险
0,0,0,高风险
0,0,0,高风险
0,0,0,高风险
8,0,0,中风险
1,40053,0,高风险
0,0,0,高风险
0,0,0,高风险
0,0,0,高风险
1,39507,0,高风险
8,0,0,中风险
0,0,0,高风险
0,0,0,高风险
0,0,0,高风险
0,0,0,高风险
0,0,0,高风险
0,0,0,高风险
0,0,0,高风险
0,0,0,高风险
0,0,0,高风险
0,0,0,高风险
0,0,0,高风险
0,0,0,高风险
0,0,0,高风险
0,0,0,高风险
520,0,0,中风险
0,0,0,高风险
0,0,0,高风险
0,0,0,高风险
0,0,0,高风险
0,0,0,高风险
0,0,0,高风险
8,0,0,中风险
0,0,0,高风险
0,0,0,高风险
0,0,0,高风险
0,0,0,高风险
0,5,0,高风险
0,0,0,高风险
0,1,0,高风险
8,0,0,中风险
1,479,0,高风险
0,0,0,高风险
0,0,0,高风险
0,0,0,高风险
0,0,0,高风险
1032,0,0,中风险
0,0,0,高风险
0,0,0,高风险
0,0,0,高风险
0,0,0,高风险
54060,0,7300,高风险
0,0,0,高风险
0,0,0,高风险
54540,12,8314,高风险
0,0,0,高风险
832,4,0,高风险
0,0,0,高风险
0,0,0,高风险
0,0,0,高风险
0,0,0,高风险
0,0,0,高风险
1,4701,0,高风险
0,0,0,高风险
0,0,0,高风险
0,0,0,高风险
0,0,0,高风险
0,0,0,高风险
0,0,0,高风险
0,0,0,高风险
1263,2,2451,高风险
0,0,0,高风险
0,0,0,高风险
0,0,0,高风险
0,0,0,高风险
0,0,0,高风险
0,0,0,高风险
0,0,0,高风险
0,0,0,高风险
0,0,0,高风险
0,0,0,高风险
8,0,0,中风险
0,0,0,高风险
0,0,0,高风险
0,0,0,高风险
0,0,0,高风险
0,0,0,高风险
0,0,0,高风险
0,0,0,高风险
334,0,0,高风险
8,0,0,中风险
0,0,0,高风险
0,0,0,高风险
8,0,0,中风险
0,0,0,高风险
0,0,0,高风险
0,0,0,高风险
0,0,0,高风险
0,0,0,高风险
0,0,0,高风险
1480,0,0,中风险
0,0,0,高风险
0,0,0,高风险
0,0,0,高风险
0,0,0,高风险
0,0,0,高风险
0,0,0,高风险
0,0,0,高风险
1032,0,0,中风险
0,0,0,高风险
8,0,0,中风险
0,0,0,高风险
0,0,0,高风险
28,0,0,高风险
0,0,0,高风险
0,0,0,高风险
0,20,0,高风险
28,0,0,高风险
0,0,0,高风险
0,0,0,高风险
0,0,0,高风险
0,0,0,高风险
0,0,0,高风险
0,0,0,高风险
0,0,0,高风险
0,0,0,高风险
0,0,0,高风险
0,0,0,高风险
0,0,0,高风险
0,0,0,高风险
0,0,0,高风险
0,3,0,高风险
0,0,0,高风险
0,0,0,高风险
0,6,82,高风险
0,0,0,高风险
0,0,0,高风险
0,0,0,高风险
0,0,0,高风险
0,0,0,高风险
0,0,0,高风险
0,0,0,高风险
126,0,179,高风险
0,0,0,高风险
0,0,0,高风险
0,0,0,高风险
0,0,0,高风险
0,0,0,高风险
0,0,0,高风险
0,0,0,高风险
0,0,0,高风险
0,0,0,高风险
1,0,0,高风险
0,0,0,高风险
1032,0,0,中风险
0,0,0,高风险
0,0,0,高风险
1,0,0,高风险
54540,0,8314,高风险
0,0,0,高风险
0,0,0,高风险
0,0,0,高风险
8,0,0,中风险
0,0,0,高风险
0,0,0,高风险
0,0,0,高风险
54540,0,8314,高风险
1032,0,0,中风险
0,0,0,高风险
0,0,0,高风险
0,0,0,高风险
0,0,0,高风险
0,0,0,高风险
0,0,0,高风险
18,0,0,中风险
0,0,0,高风险
0,0,0,高风险
0,0,0,高风险
0,0,0,高风险
0,0,0,高风险
0,0,0,高风险
0,0,0,高风险
0,0,0,高风险
0,0,0,高风险
0,0,0,高风险
0,0,0,高风险
0,0,0,高风险
0,0,0,高风险
0,0,0,高风险
8,0,0,中风险
0,0,0,高风险
0,0,0,高风险
8,0,0,中风险
0,0,0,高风险
0,0,0,高风险
1032,0,0,中风险
1,0,0,高风险
8,0,0,中风险
0,0,0,高风险
1032,0,0,中风险
0,0,0,高风险
0,0,0,高风险
334,0,0,高风险
8,0,0,中风险
0,0,0,高风险
0,0,0,高风险
0,0,0,高风险
0,0,0,高风险
0,0,0,高风险
520,0,0,中风险
0,0,0,高风险
0,0,0,高风险
0,0,0,高风险
0,0,0,高风险
8,0,0,中风险
0,0,0,高风险
8,0,0,中风险
0,0,0,高风险
0,0,0,高风险
0,0,0,高风险
0,0,0,高风险
334,0,0,高风险
1032,0,0,中风险
0,0,0,高风险
8,0,0,中风险
0,0,0,高风险
0,0,0,高风险
0,0,0,高风险
0,0,0,高风险
0,0,0,高风险
18,0,0,中风险
0,0,0,高风险
0,0,0,高风险
1032,0,0,中风险
207,0,0,高风险
0,0,0,高风险
0,0,0,高风险
0,0,0,高风险
0,0,0,高风险
0,0,0,高风险
0,0,0,高风险
0,0,0,高风险
8,0,0,中风险
334,0,0,高风险
0,0,0,高风险
0,0,0,高风险
54540,0,8314,高风险
0,0,0,高风险
0,0,0,高风险
28,0,0,高风险
0,0,0,高风险
0,0,0,高风险
0,0,0,高风险
0,0,0,高风险
8,0,0,中风险
8,0,0,中风险
0,0,0,高风险
0,0,0,高风险
0,0,0,高风险
0,0,0,高风险
0,0,0,高风险
0,0,0,高风险
0,0,0,高风险
0,0,0,高风险
0,0,0,高风险
8,0,0,中风险
8,0,0,中风险
0,0,0,高风险
0,0,0,高风险
0,0,0,高风险
0,0,0,高风险
0,0,0,高风险
0,0,0,高风险
0,0,0,高风险
0,0,0,高风险
0,0,0,高风险
0,0,0,高风险
0,0,0,高风险
0,0,0,高风险
0,0,0,高风险
0,0,0,高风险
0,0,0,高风险
1,0,0,高风险
0,0,0,高风险
0,0,0,高风险
0,0,0,高风险
0,0,0,高风险
0,0,0,高风险
1032,0,0,中风险
520,0,0,中风险
0,0,0,高风险
1032,0,0,中风险
0,0,0,高风险
5135678,5048,0,高风险
0,0,0,高风险
0,0,0,高风险
54540,0,8314,高风险
0,0,0,高风险
0,0,0,高风险
0,0,0,高风险
0,0,0,高风险
0,0,0,高风险
0,0,0,高风险
0,0,0,高风险
0,0,0,高风险
0,0,0,高风险
0,0,0,高风险
0,0,0,高风险
1032,0,0,中风险
1,0,0,高风险
0,0,0,高风险
0,0,0,高风险
0,0,0,高风险
0,0,0,高风险
0,0,0,高风险
54540,0,8314,高风险
0,0,0,高风险
0,0,0,高风险
0,0,0,高风险
0,0,0,高风险
0,0,0,高风险
0,0,0,高风险
0,0,0,高风险
0,0,0,高风险
0,0,0,高风险
8,0,0,中风险
0,0,0,高风险
0,0,0,高风险
0,0,0,高风险
0,0,0,高风险
334,0,0,高风险
0,0,0,高风险
0,0,0,高风险
0,0,0,高风险
0,0,0,高风险
28,0,0,高风险
0,0,0,高风险
0,0,0,高风险
8,0,0,中风险
0,0,0,高风险
0,0,0,高风险
0,0,0,高风险
8,0,0,中风险
0,0,0,高风险
0,0,0,高风险
0,0,0,高风险
0,0,0,高风险
0,0,0,高风险
0,0,0,高风险
0,0,0,高风险
0,0,0,高风险
0,0,0,高风险
0,0,0,高风险
0,0,0,高风险
520,0,0,中风险
0,0,0,高风险
0,0,0,高风险
1,39910,0,高风险
0,0,0,高风险
0,0,0,高风险
0,0,0,高风险
1,0,0,高风险
0,0,0,高风险
0,0,0,高风险
0,0,0,高风险
8,0,0,中风险
18,0,0,中风险
0,0,0,高风险
0,0,0,高风险
0,0,0,高风险
8,0,0,中风险
0,0,0,高风险
0,0,0,高风险
1224,0,2451,高风险
18,0,0,中风险
0,0,0,高风险
0,0,0,高风险
0,0,0,高风险
0,0,0,高风险
0,0,0,高风险
54540,0,8314,高风险
0,0,0,高风险
0,0,0,高风险
0,0,0,高风险
0,0,0,高风险
8,0,0,中风险
0,0,0,高风险
18,0,0,中风险
0,0,0,高风险
0,0,0,高风险
0,0,0,高风险
1032,0,0,中风险
0,0,0,高风险
520,0,0,中风险
0,0,0,高风险
0,0,0,高风险
0,0,0,高风险
0,0,0,高风险
0,0,0,高风险
1032,0,0,中风险
0,0,0,高风险
0,0,0,高风险
0,0,0,高风险
0,0,0,高风险
0,2,0,高风险
54540,0,8314,高风险
28,0,0,高风险
0,0,0,高风险
0,0,0,高风险
0,0,0,高风险
0,0,0,高风险
520,0,0,中风险
0,0,0,高风险
0,0,0,高风险
0,0,0,高风险
0,0,0,高风险
0,0,0,高风险
8,0,0,中风险
18,0,0,中风险
126,0,179,高风险
0,0,0,高风险
8,0,0,中风险
0,2,0,高风险
0,0,0,高风险
8,0,0,中风险
0,0,0,高风险
1233,3,2449,高风险
0,0,0,高风险
1032,0,0,中风险
0,0,0,高风险
54540,0,8314,高风险
0,0,0,高风险
0,0,0,高风险
0,0,0,高风险
8,0,0,中风险
0,0,0,高风险
0,0,0,高风险
0,0,0,高风险
0,0,0,高风险
0,0,0,高风险
0,0,0,高风险
0,0,0,高风险
1032,0,0,中风险
0,0,0,高风险
0,0,0,高风险
0,0,0,高风险
1,0,0,高风险
0,0,0,高风险
334,0,0,高风险
1,40403,0,高风险
1190,1,2447,高风险
0,0,0,高风险
0,0,0,高风险
0,0,0,高风险
0,0,0,高风险
0,0,0,高风险
0,0,0,高风险
0,0,0,高风险
0,0,0,高风险
28,0,0,高风险
0,0,0,高风险
0,0,0,高风险
0,0,0,高风险
0,0,0,高风险
